1	F	1	10	48067
56	M	56	16	70072
25	M	25	15	55117
45	M	45	7	02460
25	M	25	20	55455
50	F	50	9	55117
35	M	35	1	06810
25	M	25	12	11413
25	M	25	17	61614
35	F	35	1	95370
25	F	25	1	04093
25	M	25	12	32793
45	M	45	1	93304
35	M	35	0	60126
25	M	25	7	22903
35	F	35	0	20670
50	M	50	1	95350
18	F	18	3	95825
1	M	1	10	48073
25	M	25	14	55113
18	M	18	16	99353
18	M	18	15	53706
35	M	35	0	90049
25	F	25	7	10023
18	M	18	4	01609
25	M	25	7	23112
25	M	25	11	19130
25	F	25	1	14607
35	M	35	7	33407
35	F	35	7	19143
56	M	56	7	06840
25	F	25	0	19355
45	M	45	3	55421
18	F	18	0	02135
45	M	45	1	02482
25	M	25	3	94123
25	F	25	9	66212
18	F	18	4	02215
18	M	18	4	61820
45	M	45	0	10543
18	F	18	4	15116
25	M	25	8	24502
25	M	25	12	60614
45	M	45	17	98052
45	F	45	16	94110
18	M	18	19	75602
18	M	18	4	94305
25	M	25	4	92107
18	M	18	12	77084
25	F	25	2	98133
1	F	1	10	10562
18	M	18	4	72212
25	M	25	0	96931
50	M	50	1	56723
35	F	35	12	55303
35	M	35	20	60440
18	M	18	19	30350
25	M	25	2	30303
50	F	50	1	55413
50	M	50	1	72118
25	M	25	17	95122
35	F	35	3	98105
18	M	18	4	54902
18	M	18	1	53706
35	M	35	12	55803
25	M	25	18	57706
50	F	50	5	60181
18	M	18	4	53706
25	F	25	1	02143
18	M	18	4	53703
25	M	25	14	95008
45	F	45	0	55122
18	M	18	4	53706
35	M	35	14	94530
1	F	1	10	01748
35	M	35	7	55413
18	M	18	4	15321
45	F	45	1	98029
45	F	45	0	98103
56	M	56	1	49327
25	F	25	0	60640
25	M	25	17	48380
25	F	25	2	94609
18	M	18	4	53140
18	M	18	4	94945
1	F	1	10	54467
25	M	25	14	48360
45	F	45	1	02476
56	F	56	9	85749
56	M	56	13	85749
35	M	35	7	07650
18	F	18	4	44243
25	M	25	17	95825
25	M	25	17	28601
45	M	45	0	98201
25	F	25	16	78028
35	F	35	3	66210
35	F	35	7	33547
1	F	1	10	19390
35	M	35	17	95401
18	F	18	3	33314
35	M	35	19	20871
45	M	45	7	92104
25	M	25	12	00926
45	M	45	12	90277
35	F	35	11	79101
45	M	45	18	63129
25	M	25	12	30316
45	M	45	15	92028
25	M	25	2	90803
35	M	35	15	55416
25	M	25	16	97209
18	M	18	12	37032
25	F	25	2	83712
25	M	25	17	28083
25	M	25	17	55744
25	M	25	17	33314
35	M	35	17	22315
1	F	1	10	77515
25	M	25	11	27106
35	M	35	7	75229
18	F	18	4	94305
35	M	35	9	67208
56	M	56	7	91356
45	M	45	14	01701
18	M	18	9	98117
45	F	45	3	01770
56	M	56	6	37922
25	M	25	11	20164
35	M	35	17	50021
18	M	18	4	06520
25	M	25	17	99709
25	F	25	0	55071
25	M	25	0	66212
18	M	18	4	20006
18	M	18	2	21202
45	F	45	6	78758
18	M	18	20	22203
25	F	25	20	45409
35	F	35	1	55107
35	M	35	13	62035
25	M	25	7	10011
18	M	18	3	64043
25	M	25	17	29401
18	M	18	4	19081
35	F	35	20	10954
18	M	18	4	91360
50	M	50	17	57747
25	M	25	1	29205
35	M	35	7	98144
25	F	25	20	85013
18	M	18	4	48104
1	M	1	10	51537
50	M	50	20	94530
35	M	35	12	07470
45	F	45	7	14519
35	M	35	16	12866
56	M	56	7	28754
45	F	45	0	37922
35	M	35	7	13021
45	M	45	16	98107-2117
18	F	18	4	93117
18	M	18	4	85013
56	F	56	13	94566
18	M	18	16	98502
18	M	18	4	92802
25	F	25	11	10022
50	F	50	0	46970
25	M	25	7	55439
25	M	25	11	07002
50	F	50	17	55441
25	M	25	3	07661
25	M	25	0	45237
25	M	25	16	21203
25	F	25	2	95123
18	F	18	3	55016
50	M	50	1	54016
56	M	56	17	53705
25	M	25	0	02135
45	M	45	12	01603
18	M	18	17	33186
18	M	18	4	03052
45	F	45	1	55407
25	F	25	0	19001
45	M	45	0	14468
18	M	18	5	91767
45	F	45	1	94061
56	M	56	16	79930
18	M	18	0	60076
25	M	25	17	55125
18	M	18	4	04915
18	M	18	1	10977
45	F	45	15	44106
1	F	1	10	29146
25	M	25	12	10458
35	F	35	9	94587
18	M	18	14	10023
25	M	25	12	55108
18	M	18	4	83706
18	F	18	4	84321
35	F	35	2	55117
18	M	18	4	53706
18	F	18	4	53715
25	M	25	7	92123
35	M	35	12	97333
25	M	25	17	20194
25	M	25	12	94115
35	M	35	17	55432
35	M	35	1	90048
1	F	1	10	25801
45	M	45	17	90620
25	M	25	16	53714
18	F	18	4	01609
18	M	18	20	80218
35	M	35	14	92075
45	M	45	13	52761
18	M	18	4	22903
35	M	35	14	95822
25	F	25	4	55113
25	M	25	12	22903
25	F	25	0	94063
25	M	25	1	55116
25	M	25	17	28262
18	F	18	4	14850
25	M	25	7	11215
35	M	35	1	94518
35	M	35	20	90291
25	M	25	15	55455
18	M	18	10	04576
45	M	45	1	43210
25	M	25	3	55455
25	M	25	20	55408
45	F	45	20	37919-4204
35	M	35	7	39652
25	M	25	0	98153
25	M	25	5	55126
25	M	25	6	46835
50	F	50	7	90291
18	M	18	19	94618
50	M	50	17	55113
35	M	35	20	55121
18	F	18	4	53706
25	M	25	16	11576
50	M	50	7	19072
35	M	35	16	66046
18	F	18	4	60625
25	M	25	17	94404
18	M	18	17	72703
18	F	18	14	48126
35	M	35	16	11229
56	M	56	17	55105
25	M	25	12	94112
25	F	25	11	97370
35	M	35	17	49015
35	M	35	0	85310
45	M	45	16	55076
18	M	18	18	55113
25	M	25	7	55436
25	M	25	1	60615
18	M	18	19	98126
25	M	25	20	75801
25	F	25	1	68503
25	F	25	7	22304
35	M	35	0	20755
35	F	35	7	55116
35	M	35	11	75229
45	M	45	12	55001
18	F	18	12	29708
25	M	25	2	55408
50	M	50	14	55414
18	M	18	4	48202
18	M	18	0	80302
18	M	18	4	55427
18	M	18	4	55455
25	M	25	0	48162
45	M	45	16	01982
35	F	35	1	98126
45	M	45	18	60482
25	M	25	14	91214
50	M	50	7	19118
35	F	35	0	94117
25	M	25	17	94401
25	M	25	0	10003
25	M	25	12	91910
35	F	35	0	94109
25	M	25	1	54601
50	M	50	13	94706
25	F	25	12	97119
25	F	25	0	11801
25	F	25	20	94591
35	M	35	12	55110
35	M	35	7	19406
56	M	56	1	55337-4056
45	F	45	9	43147
18	M	18	0	80203
50	M	50	5	89432
18	M	18	2	97211
18	F	18	4	19010
25	M	25	12	97370
25	M	25	7	78664
18	M	18	4	61820
18	M	18	4	04901
25	M	25	7	20006
25	M	25	0	55414
18	F	18	0	55414
18	M	18	0	53051
50	M	50	16	90027
25	M	25	2	10025
25	M	25	4	16801
18	F	18	4	31207
18	M	18	4	31201
50	F	50	2	22207
18	F	18	4	02138
56	F	56	9	46911
56	F	56	1	55105
56	M	56	13	90740
35	M	35	7	38555
56	F	56	13	55104
50	F	50	6	33436
35	M	35	6	99516
18	M	18	4	55128
56	M	56	17	55117
45	M	45	12	53716
35	M	35	17	55106
50	F	50	3	55112
50	M	50	11	25302
35	M	35	18	55448
35	M	35	12	80401
35	M	35	7	02115
56	M	56	7	92065
25	M	25	7	55902
50	M	50	1	55109
35	M	35	2	55410
56	F	56	2	55113
35	M	35	18	55434
18	M	18	0	98765
18	M	18	19	80205
35	M	35	7	55116
50	M	50	7	80207
25	F	25	3	28001
56	F	56	13	92119
18	M	18	12	55076
35	F	35	3	55127
35	M	35	14	75034
25	M	25	12	94114
25	F	25	0	55110
56	F	56	1	55305
50	M	50	7	55110
1	M	1	10	08035
45	M	45	20	08035
18	M	18	4	55105
18	M	18	4	60115
35	F	35	7	92625
35	M	35	1	55117
18	M	18	3	55107
56	M	56	20	55101
18	M	18	0	98103
56	F	56	1	20815
25	M	25	17	55128
35	M	35	17	28208
25	F	25	14	94115
35	M	35	20	55407
18	M	18	10	55419
35	F	35	1	46815
18	F	18	4	02138
50	M	50	15	55126
50	M	50	12	55421
25	M	25	0	90293
35	M	35	1	55110
18	M	18	17	22304
18	M	18	4	02141
18	F	18	4	72227
25	F	25	2	55347
35	F	35	14	55346
25	M	25	2	55106
35	M	35	1	80026
25	M	25	17	55418
18	F	18	0	55105
35	F	35	1	54822
25	M	25	2	92024
35	M	35	17	89015
35	F	35	20	66205
25	F	25	7	78757
25	M	25	11	55075
25	M	25	6	68131
25	M	25	0	55408
35	F	35	7	55111
25	F	25	0	10021
25	M	25	6	68128
25	M	25	4	55405
45	M	45	11	22122
18	M	18	7	20037
35	M	35	17	55402
18	M	18	0	55013
18	M	18	5	55104
25	M	25	1	56187
35	M	35	17	22124
25	M	25	17	55454
35	F	35	6	55128
18	F	18	3	55422
18	M	18	0	55129
25	M	25	11	55427
18	M	18	4	02138
18	M	18	4	10128
56	M	56	1	13077
25	M	25	20	55105
18	M	18	17	89503
25	M	25	11	02143
18	M	18	12	55122
25	F	25	1	55417
45	F	45	1	43214
35	M	35	15	55117
25	M	25	11	55409
25	M	25	0	55317
35	F	35	0	55406
45	M	45	14	55076
25	F	25	0	50613
25	F	25	3	54016
18	M	18	3	55422
35	M	35	1	55406
45	F	45	3	55125
56	M	56	17	55104
18	M	18	4	55455
25	M	25	17	55112
25	M	25	12	55303
18	M	18	4	55455
35	M	35	12	55104
18	F	18	4	55455
18	M	18	0	54901
18	F	18	10	55306
18	M	18	10	55303
45	M	45	16	55306
50	M	50	6	55115
45	F	45	3	98155
25	M	25	7	55125
18	M	18	4	43023
35	M	35	17	55030
18	M	18	11	53705
35	M	35	14	55129
56	M	56	1	32940
35	M	35	1	55127
25	M	25	1	55105
25	M	25	3	55421
56	M	56	0	55108
45	M	45	12	55117
50	F	50	0	55042
45	F	45	11	55105
25	M	25	17	80123
25	M	25	7	85037
45	M	45	1	24523
56	M	56	13	54720
50	M	50	17	55117
18	M	18	4	55102
25	M	25	20	55092
35	F	35	2	55113
35	M	35	0	55105
18	M	18	4	54703
50	M	50	16	55405-2546
18	F	18	4	55105
45	M	45	18	55313
50	M	50	7	55075
18	M	18	16	55416
25	M	25	7	55105
18	F	18	4	55455
18	M	18	19	94523
25	M	25	5	55405
35	F	35	3	55075
1	F	1	10	55082
35	M	35	6	55122
1	F	1	10	55068
35	M	35	7	08904
35	M	35	0	55418
18	F	18	4	55112
25	M	25	17	92126
25	F	25	2	55421
35	M	35	0	55127
35	M	35	14	55410
50	M	50	16	55113
25	M	25	12	55042
18	F	18	4	55422
45	M	45	7	55115
25	M	25	14	55305
18	M	18	12	55105
1	F	1	10	55104
56	M	56	7	55042
56	M	56	0	91367
35	F	35	17	55082
25	M	25	12	55107
18	M	18	4	55455
1	M	1	10	55345
18	M	18	4	56043
25	M	25	12	55112
50	M	50	7	55016
35	F	35	0	17870
18	M	18	10	55421
18	M	18	4	55455
25	F	25	17	55412
35	M	35	17	55113
25	F	25	1	55108
18	F	18	2	55105
25	M	25	2	55372
35	M	35	6	55126
35	M	35	11	73120
25	M	25	2	17003
35	M	35	17	37815
25	M	25	16	55103-1006
25	F	25	0	55405
25	M	25	12	55418
25	M	25	2	55125
18	M	18	12	55109
45	F	45	4	15232
35	M	35	0	55379
25	M	25	0	55119
25	M	25	2	55113
25	M	25	1	55406
56	F	56	14	55033
25	F	25	14	55408
35	F	35	12	75240
35	F	35	14	55038
35	F	35	20	55104
56	M	56	7	55105
25	M	25	12	55124
50	M	50	7	55105
18	M	18	0	91320
35	M	35	6	19027
45	M	45	17	94806
25	F	25	2	11201
18	F	18	17	83843
35	M	35	12	92009
25	M	25	2	10019
18	F	18	14	22206
25	M	25	7	94301
25	M	25	12	27514
25	M	25	15	55902
35	M	35	6	95370
25	M	25	20	01267
45	M	45	14	07704
56	M	56	16	95407
25	M	25	2	55103
18	M	18	1	15213
18	F	18	4	5849574
18	M	18	4	78705
25	M	25	5	55057
35	M	35	12	94538
35	M	35	17	01890
25	F	25	0	37211
35	M	35	12	76109
35	F	35	16	96860
25	M	25	6	53217
45	M	45	8	21559
35	M	35	20	55116
50	M	50	18	23456
25	M	25	2	94131
25	M	25	12	94086
18	M	18	4	53213
25	F	25	9	37221
56	M	56	1	30030
35	M	35	20	55108
25	F	25	7	60422
45	M	45	15	81335
18	F	18	14	64060
35	M	35	20	48083
25	M	25	4	53703
45	M	45	1	49419
25	M	25	16	45242
25	M	25	17	92122
35	M	35	20	52570-9634
50	F	50	17	19716
18	F	18	4	97339
25	M	25	4	33314
50	M	50	5	95401
18	M	18	4	61801
35	F	35	2	98119
25	M	25	19	90214
25	M	25	12	92130
45	F	45	15	20910
35	M	35	0	02115
18	M	18	17	90064
25	M	25	5	32839
1	M	1	10	08534
50	M	50	14	73543
18	M	18	4	67042
25	F	25	0	48067
25	F	25	0	94403
18	M	18	1	53703
35	M	35	14	53092
25	M	25	20	92649
25	F	25	11	23220
18	M	18	2	90210
35	F	35	6	98032
25	M	25	0	76201
18	M	18	0	92103
50	F	50	1	91711
56	F	56	13	60076
25	M	25	7	10019
25	F	25	1	01950
35	M	35	12	80206
35	M	35	7	95476
50	M	50	6	53711
35	M	35	17	66209
18	F	18	20	06320
56	F	56	6	14612
25	F	25	6	32256
45	M	45	17	32256
18	F	18	4	44425
1	F	1	10	49507
25	M	25	0	43614
18	M	18	4	18011
25	M	25	7	10012
25	M	25	4	77025
35	M	35	0	20715
50	M	50	7	95020
35	M	35	20	10562
35	M	35	1	90024
50	M	50	17	32951
25	M	25	7	94115
25	F	25	7	92117
25	M	25	0	74105
18	F	18	1	94706
18	M	18	0	13210
18	M	18	4	93560
25	M	25	0	92612
25	M	25	17	60555
25	M	25	1	75207
35	F	35	12	44106
18	M	18	4	77005
50	M	50	2	97210
35	F	35	0	20715
1	F	1	10	48154
35	F	35	14	80525
35	M	35	17	28601
45	M	45	17	07649
25	M	25	17	94131
1	F	1	10	49512
56	M	56	17	33785
18	M	18	20	92055
35	M	35	12	97132
25	M	25	6	77584
45	M	45	17	85202
18	M	18	4	47406
35	F	35	0	55116
35	F	35	1	78155
25	M	25	2	23188
25	M	25	20	93704
35	M	35	20	11215
35	M	35	7	08505
35	M	35	12	85224
25	F	25	12	94131
25	M	25	4	80526
25	M	25	17	49445
35	M	35	7	20895
18	M	18	20	12222
56	M	56	13	92660
50	M	50	7	75023
25	F	25	2	92629
45	F	45	16	92106
50	F	50	13	34691
25	F	25	0	10021
25	F	25	0	28134
45	M	45	16	70507
45	M	45	1	13114
18	M	18	4	99163
25	F	25	7	12345
35	M	35	18	74601
18	M	18	2	13317
18	F	18	0	08540
25	M	25	18	98438
25	F	25	3	22042
25	M	25	17	30307
25	M	25	12	30303
18	M	18	4	61761
35	M	35	7	46845
25	M	25	20	10023
25	M	25	17	22042
25	M	25	20	02048
18	M	18	16	55129
50	M	50	2	94122
25	M	25	0	34952
35	M	35	16	29681
25	M	25	12	37013
35	M	35	7	30501
25	M	25	4	27510
25	M	25	4	27514
25	M	25	4	27510
25	M	25	4	27514
18	M	18	4	27514
25	F	25	7	14136
56	M	56	13	13407
50	F	50	0	48103
25	M	25	12	90717
35	M	35	11	96813
25	F	25	0	85207
35	M	35	12	98103
18	M	18	4	76401
18	F	18	1	04240
25	M	25	12	94114
50	F	50	6	97330
18	M	18	4	76401
18	M	18	0	73505
50	M	50	17	14650
18	F	18	4	01002
35	M	35	7	90808
56	F	56	1	44074
35	F	35	8	85712
25	M	25	4	48065
35	M	35	20	78664
35	M	35	7	17740
25	M	25	0	37042
18	M	18	0	92647
25	M	25	20	85207
25	M	25	18	80521
25	M	25	0	95136
35	M	35	7	79912
18	M	18	4	76013
18	M	18	0	53715
18	M	18	4	98188
25	M	25	11	90211
18	M	18	2	90211
1	M	1	0	75070
18	M	18	0	55129
35	F	35	9	97520
25	M	25	12	55106
25	M	25	12	98027
50	M	50	13	90266
56	M	56	11	08904
25	F	25	9	77449
35	M	35	11	94061
25	M	25	6	11598
35	M	35	12	85284
25	M	25	0	10580
45	M	45	3	55410
25	M	25	7	07030
35	M	35	16	30034
25	M	25	7	90078
25	M	25	14	04240
18	M	18	12	07070
1	M	1	19	53711
18	M	18	17	99205
35	M	35	12	55803
25	M	25	14	24551
25	M	25	5	44095
18	M	18	0	54758
1	F	1	2	60660
25	M	25	17	77007
1	M	1	10	90004
18	F	18	19	95019
18	M	18	4	98606
25	M	25	0	60098
35	M	35	18	56303
35	F	35	9	13066
25	F	25	17	97201
25	F	25	3	97401
1	M	1	10	42754
35	M	35	7	38024
35	F	35	0	94002
35	M	35	0	90064
25	M	25	12	97401
35	M	35	7	19518
56	F	56	3	89156
56	M	56	15	94114
18	M	18	7	99945
1	M	1	10	63041
18	M	18	10	02882
18	M	18	20	85296
25	M	25	17	74467
25	F	25	7	95128
25	M	25	12	45241
25	M	25	12	17067
45	M	45	17	02421
18	M	18	4	98499
50	F	50	1	75087
18	M	18	12	89118
25	M	25	6	48108
18	M	18	4	22903
1	M	1	17	56258
25	F	25	3	92627
18	M	18	19	87543
18	M	18	17	32694
25	M	25	0	60156
25	M	25	17	91776
18	M	18	4	95076
56	M	56	1	28223
25	M	25	4	53703
18	M	18	0	11040
18	M	18	19	29307
25	M	25	0	55987
18	M	18	4	77802
25	M	25	0	37601
18	M	18	1	67212
25	M	25	17	45694
35	M	35	7	27511
25	M	25	17	01002
35	F	35	14	37043
50	M	50	20	10543
35	F	35	14	19147
50	M	50	6	98237
50	F	50	7	20175
25	F	25	20	48464
25	F	25	5	98498
35	F	35	12	72032
25	F	25	20	95776
25	M	25	16	22801
18	M	18	4	67217
25	M	25	20	90032
35	M	35	12	37211
35	M	35	0	34990
18	M	18	4	89015
25	M	25	7	85226
25	M	25	17	70508
25	M	25	12	98006
50	M	50	0	94043
25	M	25	6	37930
18	M	18	4	70002
18	F	18	4	92612
25	M	25	4	37130
45	M	45	0	92108
18	M	18	4	41076
18	M	18	4	60107
35	M	35	7	60611
35	M	35	7	78759
18	M	18	2	14456
25	F	25	1	07666
25	M	25	0	92078
35	M	35	12	94530
56	M	56	1	39532
35	F	35	1	80210
45	M	45	2	55409
18	M	18	4	70817
1	M	1	19	53711
35	M	35	7	60657
45	F	45	0	20874
18	M	18	2	19464
35	M	35	7	46825
35	F	35	12	78640
56	M	56	0	94952
25	M	25	11	10023
56	M	56	7	08540
50	M	50	17	92661
25	M	25	0	98103
25	F	25	3	02828
50	F	50	14	92119
18	F	18	0	55102
25	M	25	7	49321
25	M	25	0	92121
18	F	18	0	20009
25	M	25	5	80209
25	F	25	7	80228
25	M	25	15	94121
25	M	25	3	75006
35	M	35	0	60640
18	M	18	4	75287
25	M	25	5	92105
25	M	25	17	55447
25	F	25	16	44092
18	F	18	2	72701
45	F	45	6	02453
35	M	35	17	11701
35	M	35	14	10013
25	M	25	12	10128
18	M	18	0	78237
25	M	25	7	37027
35	M	35	7	10019
25	M	25	7	62522
25	F	25	0	97205
35	M	35	1	91711
1	M	1	10	08820
45	M	45	12	95814
50	M	50	17	01702-7224
18	M	18	20	92026
25	F	25	1	02144
1	M	1	10	76013
50	M	50	1	20815
56	M	56	6	19027
45	M	45	15	26105
1	M	1	10	94707
25	M	25	4	43202
25	M	25	0	90631
18	M	18	2	01720
45	M	45	16	92018
35	M	35	17	94114
18	M	18	14	76401
18	M	18	2	01720
35	F	35	14	92673
1	M	1	10	49454
35	M	35	0	48105
56	F	56	0	14830
56	F	56	16	55345
1	F	1	10	08820
45	M	45	20	10024
18	M	18	4	92153
25	M	25	1	80202
35	M	35	0	76031
50	F	50	6	85016
18	M	18	4	31602
50	M	50	1	34683
18	M	18	15	94015
25	M	25	6	92130
25	M	25	7	77005
25	F	25	1	30605
56	F	56	13	90066
56	F	56	0	92027
56	M	56	0	45432
56	M	56	13	75165
35	M	35	20	92308
45	F	45	12	28655
1	M	1	10	71106
45	F	45	6	92117
50	F	50	1	92103
45	M	45	7	92831
50	F	50	0	98226
50	M	50	0	98226
35	F	35	2	91324
25	M	25	0	20744-6223
35	F	35	9	30338
25	M	25	7	72762
25	F	25	1	92084
50	M	50	6	92117
45	F	45	1	91901
35	F	35	1	92056
18	M	18	4	92173
25	M	25	17	92084
56	M	56	16	48009
25	M	25	7	37212
50	M	50	17	98642
35	F	35	3	48073
1	M	1	10	07869
25	F	25	20	91105
56	F	56	16	98199
25	M	25	15	53706
25	M	25	5	98380
56	F	56	1	06032
35	F	35	6	97838
45	M	45	1	49419
35	F	35	7	97401
35	M	35	14	60538
18	M	18	4	34567
25	M	25	15	60513
25	F	25	1	01060
25	F	25	20	20110-5616
1	M	1	10	76240
18	M	18	20	45387
50	F	50	6	85716
45	F	45	12	08033
35	M	35	0	91505
45	M	45	7	49345
35	M	35	7	48103-8929
18	M	18	0	21015
56	M	56	12	43056
50	M	50	17	96753
35	M	35	7	21044
45	M	45	2	10009
56	M	56	16	97478
50	M	50	20	97030
25	F	25	0	21030
50	F	50	7	94941
35	M	35	1	55104
35	M	35	1	29706
35	M	35	2	48116
50	M	50	11	44622
1	M	1	10	45244
18	M	18	10	10016
25	F	25	1	80020
25	M	25	0	48197
25	M	25	7	94123
56	M	56	7	10954
56	M	56	2	92262
18	F	18	0	43615
50	M	50	12	94530
25	F	25	11	19103
25	M	25	0	27615
25	M	25	12	43615
45	M	45	1	02138
25	F	25	1	80026
35	M	35	19	94930
35	M	35	0	98136
35	M	35	14	89113
25	M	25	2	80110
18	M	18	0	19116
1	M	1	10	48073
25	M	25	6	92014
25	M	25	20	02141
25	F	25	9	92064
25	F	25	16	99224
50	M	50	16	92129
25	M	25	4	32608
56	F	56	0	19004
35	F	35	17	48098
50	M	50	11	48823
50	M	50	0	20706
18	M	18	6	10004
25	F	25	9	48103
35	F	35	3	02780
25	M	25	0	45678
18	M	18	2	92109
18	F	18	4	96803
25	M	25	17	98102
1	M	1	19	15748
45	M	45	20	10019
25	M	25	15	62558
25	F	25	6	90027
25	M	25	4	90210
50	M	50	11	07043
25	M	25	2	19320
25	M	25	3	95136
35	M	35	11	08003
18	M	18	4	53220
50	M	50	12	01960
35	M	35	3	77064
50	M	50	7	48315
25	M	25	0	10310
25	M	25	8	92115
35	F	35	1	30004
56	M	56	13	02576
45	F	45	17	03054
35	M	35	3	11220
56	M	56	16	60044
35	M	35	0	30906
18	M	18	4	95616
35	M	35	1	60640
18	M	18	20	93455
35	M	35	0	94559
25	M	25	3	00918
56	M	56	13	92675
35	F	35	1	74135
25	M	25	16	34677
45	F	45	0	19130
18	M	18	4	77005
45	F	45	7	03848
25	M	25	0	20015
25	M	25	7	97303
35	M	35	16	19803
50	M	50	16	19425
25	M	25	5	60076
35	F	35	1	82601
18	M	18	2	15956
35	M	35	7	28036
45	M	45	7	02081
56	F	56	15	20194
35	F	35	1	02346
25	M	25	11	76309
45	M	45	2	94306
35	M	35	5	92801
50	F	50	11	87004
25	M	25	20	72701
1	F	1	10	77477
56	M	56	18	53404-1230
18	M	18	0	62225
35	M	35	6	75225
45	M	45	14	95002
25	M	25	1	97302
25	F	25	0	60513
35	F	35	2	75214
35	M	35	0	18360
1	M	1	10	75040
35	M	35	0	91505
1	M	1	0	48133
45	M	45	17	73069
25	M	25	1	97321
25	F	25	0	97213
18	M	18	10	11235
45	M	45	0	46060
50	M	50	19	59457
35	M	35	7	50265
25	M	25	7	91344
25	F	25	0	94402
45	M	45	12	02151
35	M	35	12	94402
18	F	18	4	77581
25	M	25	20	98105
45	F	45	2	20036
50	M	50	16	13045
35	F	35	7	07601
25	F	25	6	72211
45	M	45	17	48073
25	F	25	6	60660
25	F	25	3	27606
25	M	25	3	60660
45	F	45	9	95661
25	M	25	7	98115
56	M	56	7	08854
18	M	18	4	68144-2410
45	M	45	7	48170
56	M	56	0	27705
1	M	1	19	03226
25	M	25	7	34695
18	M	18	4	98225
25	M	25	16	08826
1	F	1	10	98103
35	M	35	6	37853
25	M	25	7	94105
18	M	18	5	345567
18	F	18	4	49525
50	M	50	14	60504
18	F	18	0	92626
56	F	56	6	08753
1	M	1	10	80439
18	M	18	17	92109
35	M	35	7	94945
25	M	25	17	77059
25	M	25	0	60090
35	M	35	1	06417
18	M	18	1	55408
45	F	45	7	60605
35	M	35	11	10023
35	M	35	6	48105
18	M	18	4	90241
50	F	50	1	02324
56	M	56	1	93003
18	M	18	10	45904
56	F	56	6	77005
50	F	50	16	44319
18	M	18	6	19104
18	M	18	4	97215
18	F	18	9	75801
25	F	25	1	60551
25	M	25	15	92121
18	M	18	14	10017
50	M	50	13	02718
35	M	35	1	90504
18	M	18	4	95616
56	M	56	7	78701
56	M	56	14	02632
50	M	50	0	91789
25	M	25	2	60156
18	F	18	4	53715
56	M	56	16	13031
25	M	25	0	11788
25	M	25	1	72701
35	M	35	17	22309
18	M	18	7	60012
56	M	56	13	12570
18	M	18	12	98225
18	M	18	2	90038
18	M	18	20	19114
50	M	50	13	98201
35	F	35	7	90274
18	M	18	4	13165
18	M	18	12	12047
25	M	25	1	93420-2852
45	F	45	2	73069
25	F	25	3	84770
18	M	18	1	43623
50	M	50	7	94024
25	M	25	7	94025
50	M	50	3	92103
18	F	18	16	80260
25	M	25	20	98101
35	M	35	17	92618
25	M	25	12	98103
25	F	25	20	75226
25	M	25	15	46805
18	M	18	4	30328
18	M	18	10	33024
1	F	1	10	53545
25	M	25	12	90278
50	F	50	2	33334
45	M	45	7	30253
35	F	35	1	98026
18	M	18	0	48314
18	M	18	14	07017
25	M	25	0	10025
35	F	35	0	97213
1	M	1	10	70448
25	F	25	19	90020
25	M	25	12	45014
56	M	56	6	94030
50	F	50	1	55126
25	F	25	0	94109
25	M	25	20	94402
56	M	56	3	10023
45	M	45	12	94114
25	F	25	0	61801
25	F	25	7	10019
18	F	18	16	91780
25	F	25	2	90020
56	M	56	1	44256
25	F	25	17	01453
56	M	56	0	48186
50	M	50	1	91030
50	F	50	20	95503
35	M	35	7	20716
1	M	1	10	91326
35	M	35	19	94598
25	F	25	4	92354
35	F	35	1	97374
18	M	18	19	98502
1	F	1	0	90210
45	M	45	7	72212
25	M	25	0	85712
45	M	45	0	98031
35	F	35	0	98117
50	M	50	16	98103
25	M	25	12	90712
25	F	25	1	95617
1	F	1	10	13907
18	F	18	14	22203
35	M	35	1	44077
1	M	1	10	49544
50	M	50	13	77459
1	M	1	0	97222
18	M	18	4	84112-2004
35	M	35	12	97006
25	F	25	1	06417
25	M	25	7	95076
56	F	56	0	46814
50	F	50	7	33764
50	M	50	0	43617
25	M	25	0	12590
35	M	35	7	94127
25	M	25	17	27519
18	M	18	4	10027
50	F	50	1	60089
50	M	50	0	91505
56	M	56	13	94558
35	M	35	17	23602
25	M	25	2	90292
25	M	25	12	94118
56	M	56	15	13207
25	M	25	7	12206
1	M	1	10	48073
18	M	18	0	19134
35	M	35	0	52162
25	M	25	2	60102
50	M	50	13	02125
45	M	45	7	61081
18	M	18	20	07087
50	M	50	1	90027
25	M	25	1	94720
25	F	25	4	48219
25	M	25	11	95125
25	M	25	12	60515
18	F	18	4	43235
45	F	45	20	94519
18	M	18	4	91006
25	F	25	7	94043
25	F	25	1	48316
18	M	18	4	32720
35	F	35	20	11215
25	F	25	20	50111
18	F	18	14	02144
1	M	1	10	11803
35	F	35	0	10014
35	M	35	15	92627
25	M	25	4	22030
25	M	25	17	80461
18	M	18	4	98225
35	M	35	0	92649
35	F	35	20	94598
35	M	35	2	94587
50	M	50	0	10573
25	M	25	7	48188
56	M	56	13	94134
35	F	35	20	76205
18	F	18	1	02144
25	M	25	17	94110
25	M	25	20	10002
18	F	18	14	84101
45	M	45	7	20879
35	M	35	7	2020010
25	M	25	17	28262
18	M	18	4	40205
25	M	25	4	22903
1	M	1	10	81301
25	M	25	1	53711
18	F	18	20	49321
25	M	25	4	18104
25	M	25	15	12203
50	M	50	2	10028
56	F	56	13	01234
25	M	25	6	12230
45	F	45	6	54401
18	M	18	20	49506
35	M	35	2	19123
45	M	45	7	37343
50	M	50	17	39567
35	M	35	17	94041
18	F	18	0	06360
18	M	18	4	98312
35	M	35	1	98502
1	M	1	10	97801
25	M	25	19	97209
50	M	50	1	98541
18	F	18	1	94607
45	M	45	16	33334
35	M	35	4	98125
35	M	35	17	92630
50	F	50	7	94611
35	F	35	19	92867
45	M	45	6	78750
35	M	35	0	91504
35	F	35	0	10011
25	M	25	7	94904
25	M	25	5	60074
50	F	50	20	11217
35	F	35	6	90036
1	M	1	0	75244
25	M	25	7	92109
35	M	35	6	33615
25	M	25	14	02038
1	M	1	10	97201
25	F	25	2	10475
18	M	18	4	85282
25	M	25	19	94111
25	M	25	14	97203
45	M	45	20	94121
25	M	25	3	64068
56	M	56	13	75703
1	M	1	10	75082
25	M	25	14	76051
45	M	45	0	92866
18	M	18	10	90274
25	M	25	14	60153
18	M	18	4	43214
18	F	18	4	68154
35	M	35	7	75214
50	M	50	2	50310
45	M	45	7	98028
18	M	18	16	94014
25	F	25	3	98626
25	M	25	4	22030
25	F	25	14	34639
56	M	56	0	94043
35	F	35	2	11218
35	M	35	16	07030
25	M	25	1	75230
25	F	25	0	98115
1	M	1	10	12159
35	M	35	14	60657
18	M	18	14	60194
56	M	56	1	95117
45	M	45	0	12065
25	M	25	7	02840
25	M	25	17	06460
50	M	50	7	10805
35	M	35	0	14228
50	F	50	20	95051
56	M	56	17	97146
25	M	25	0	94108
35	M	35	18	85275
25	M	25	7	14302
18	M	18	7	11434
35	M	35	0	94560
35	M	35	14	91324
25	F	25	9	43420
25	F	25	2	75070
35	M	35	20	27607
18	F	18	1	11375
1	F	1	10	04240
50	M	50	7	13088
35	F	35	0	90278
25	F	25	17	98034
35	M	35	20	94122
1	M	1	10	95926
25	F	25	2	94040
45	F	45	20	04240
18	F	18	4	91706
45	M	45	0	34116
35	M	35	17	49508
35	M	35	1	10918
25	M	25	20	14895
25	F	25	0	97401
35	M	35	12	75069
50	M	50	7	01915
45	F	45	2	97214
1	F	1	10	61665
1	M	1	10	89509
25	M	25	12	53707
25	F	25	3	50266
25	M	25	5	12308
35	M	35	2	92821
50	F	50	2	60657
1	M	1	10	95123
25	F	25	1	55104
50	M	50	1	91403
45	F	45	5	95136
45	F	45	1	32750
35	M	35	16	65270
45	F	45	7	21044
56	F	56	13	93448
1	M	1	10	58078
18	M	18	11	89170
45	F	45	1	92100
25	F	25	7	19806
18	M	18	10	98058
25	F	25	5	90262
25	F	25	0	07026
50	F	50	13	94702
56	M	56	20	87107
25	M	25	17	19801
35	M	35	16	99352
35	M	35	15	20723
45	M	45	3	90006
18	M	18	4	06430
25	F	25	3	94117
25	M	25	2	07026
25	F	25	12	94530
35	M	35	7	55901
56	F	56	16	94904
18	M	18	17	10804
25	M	25	7	92130
18	F	18	1	94578
18	M	18	4	90601
25	F	25	0	53713
50	M	50	16	91360
56	M	56	13	33445
25	M	25	4	91911
35	F	35	15	53704
25	M	25	0	90046
18	M	18	4	97215
50	M	50	7	94404
35	M	35	1	08107
25	M	25	17	94089
18	M	18	3	98122
18	M	18	4	85035
45	M	45	14	22901
25	M	25	14	98101
35	M	35	16	10472
18	M	18	4	48197
25	F	25	1	95336
18	M	18	4	01375
1	F	1	10	53704
35	M	35	17	55934
25	M	25	4	08540
35	M	35	0	28209
1	M	1	10	08872
18	M	18	14	94070
25	M	25	12	21401
45	F	45	11	40204
35	F	35	3	11229
18	M	18	4	97215
56	M	56	6	91011
35	M	35	1	94549
18	F	18	14	49505
1	F	1	10	495321
25	M	25	14	48103
50	F	50	6	97005
50	M	50	3	89102
18	M	18	2	21222
35	M	35	3	98037
35	M	35	12	94520
35	M	35	16	54729
18	M	18	2	12345
35	M	35	2	98055
25	F	25	4	91106
25	M	25	2	98109
35	M	35	12	10128
18	M	18	4	80521
25	F	25	3	17522
35	M	35	20	17112
18	M	18	4	94704
35	M	35	20	90012
56	F	56	13	90732
25	M	25	14	19444
18	M	18	4	93117
45	F	45	0	92126
25	M	25	2	98074
25	M	25	1	95472
1	M	1	0	08055
25	F	25	0	80027
18	F	18	4	95132
45	F	45	0	94115
35	M	35	16	95405
50	M	50	16	92612-3417
35	M	35	12	75063
50	M	50	16	93003
18	M	18	4	29201
25	M	25	5	97007
1	M	1	14	19147
56	M	56	20	95420
18	M	18	4	94118
25	M	25	17	11106
25	M	25	7	90248
25	M	25	14	06511
25	M	25	4	98115
25	F	25	2	75075
18	F	18	0	91030
45	F	45	1	90601
1	M	1	10	92620
50	F	50	2	94501
25	M	25	20	91367
35	M	35	17	77096
25	M	25	7	94132
18	M	18	4	54481
25	M	25	12	07054
25	F	25	9	80538
25	M	25	16	90638
35	M	35	7	07644
25	M	25	7	94538
35	F	35	2	60201
50	M	50	7	90505
18	M	18	4	06511
25	M	25	12	98102
25	F	25	14	60657
25	M	25	17	38104
18	M	18	0	77341
25	M	25	17	94108
50	M	50	5	80220
18	M	18	4	02139
1	M	1	10	19343
25	M	25	17	98115
25	M	25	11	75801
18	M	18	4	12188
25	M	25	12	92688
18	M	18	19	22030
50	M	50	11	90041
25	M	25	7	08550
35	M	35	17	95476
1	F	1	10	94539
1	M	1	0	11803
25	F	25	1	48067
35	M	35	12	08902
25	M	25	20	11102
35	F	35	16	95003
18	M	18	4	97215
25	M	25	16	48324
25	F	25	12	53154
18	M	18	0	10002
25	M	25	2	95831
18	M	18	4	38120
25	M	25	17	94506
25	F	25	7	08902
35	M	35	20	10025
25	M	25	17	95209
18	M	18	4	06459
25	F	25	16	94706
56	M	56	17	80538
18	M	18	10	78230
25	M	25	15	94903
18	M	18	4	97266
25	M	25	4	53711
45	M	45	17	60462
18	M	18	14	43613
45	M	45	1	71711
50	M	50	12	12184
18	F	18	20	90036
35	F	35	3	83001
18	M	18	20	02446
25	M	25	3	22601
25	M	25	3	02359
45	M	45	0	97214
56	M	56	17	23464-3016
18	M	18	17	12054
25	M	25	11	10549
25	M	25	12	63146
25	M	25	20	20009
25	M	25	4	22903
56	M	56	13	02115
35	M	35	1	53703
35	M	35	6	20901
18	M	18	4	11580
25	M	25	11	20008
45	M	45	20	10021
25	F	25	15	64116
35	F	35	12	17013
18	F	18	0	20008
18	M	18	4	48073
18	F	18	4	10039
18	M	18	6	60611
35	M	35	8	10014
25	F	25	3	85226
18	F	18	4	11214
18	M	18	20	43611
1	F	1	10	87123
50	M	50	1	01096
45	M	45	17	78731
35	M	35	16	77550
25	M	25	12	06511
1	F	1	10	94086
56	F	56	13	07701
18	M	18	17	75093
25	M	25	20	98033
25	F	25	3	02155
1	M	1	0	77479
25	M	25	6	81007
50	F	50	7	94949
45	F	45	9	85202
56	M	56	0	72227-5733
18	M	18	4	22201
25	M	25	0	60201
18	F	18	4	76201
18	F	18	4	10003
18	M	18	0	10705
35	M	35	6	94115
25	M	25	19	45701
56	M	56	20	92315
45	M	45	7	77351
25	F	25	3	30308
25	M	25	11	22043
25	M	25	0	95136
35	M	35	1	95003
50	M	50	7	26501
35	M	35	7	50111
25	M	25	16	78411
35	F	35	20	10013
35	M	35	1	92683-1892
18	F	18	5	48108
25	M	25	12	10002
35	M	35	13	76548
25	M	25	0	92646
35	M	35	7	08234
25	M	25	12	83001
25	F	25	7	10562
25	F	25	0	13326
25	M	25	11	50111
18	F	18	0	28270
35	F	35	3	55405
45	M	45	1	02135
25	M	25	11	75230
35	F	35	9	06830
25	M	25	11	55555
25	M	25	0	03867
25	M	25	17	11354
18	M	18	20	61801
35	M	35	0	90027
45	F	45	7	10022
25	M	25	0	16101
25	M	25	12	44060
50	M	50	0	44139
50	M	50	3	48843
25	M	25	20	48009
25	M	25	4	11423
18	M	18	4	53715
50	M	50	15	07746
25	M	25	0	06810
45	M	45	0	04330
18	M	18	4	10010
18	M	18	17	91505
18	M	18	20	90028
18	M	18	4	10003
45	M	45	17	91355
50	F	50	0	94514
25	M	25	16	94120
45	F	45	7	99701
56	F	56	0	38340
25	M	25	0	97212
25	F	25	19	60612
56	M	56	0	90049
18	F	18	17	95405
25	M	25	17	95405
35	M	35	17	95610
25	M	25	0	95819
50	M	50	13	62002
45	M	45	2	90813
18	M	18	12	90210
18	F	18	9	62225
25	M	25	20	90046
18	M	18	18	98118
50	M	50	14	85202
18	M	18	19	98034
25	M	25	19	94607
25	M	25	12	94520
25	M	25	16	98208
18	M	18	0	94044
45	F	45	0	94114
18	M	18	4	94507
25	M	25	17	94122
45	F	45	0	10022
35	F	35	6	94214
18	F	18	9	99703
25	F	25	2	94577
35	M	35	7	80526
25	M	25	12	94121
18	M	18	4	77845
18	F	18	4	76707
45	M	45	17	87505
25	M	25	14	15241
50	M	50	16	98516
35	M	35	2	95602
25	F	25	17	75006
56	F	56	13	95320
35	M	35	0	98368
25	M	25	17	93933
1	M	1	10	98043-3621
35	M	35	2	95816
25	F	25	6	97116
18	M	18	4	91301
18	M	18	14	97123
18	F	18	17	97070
25	M	25	12	98052
25	M	25	20	95380
18	M	18	4	78705
25	M	25	2	98102
25	F	25	7	98109
18	M	18	3	85226
35	M	35	12	95833
35	M	35	12	94062
25	M	25	3	85013
18	F	18	4	34243
35	M	35	5	98465
35	M	35	16	98029
25	F	25	17	85301
35	M	35	20	97333
25	M	25	12	98684
25	M	25	12	98116
25	M	25	1	97206
35	M	35	7	95765
18	F	18	4	98052
35	M	35	2	97214
25	F	25	19	98102
25	M	25	20	98119
25	F	25	4	97233
18	M	18	10	97303
18	M	18	15	77047
25	M	25	4	98926
18	F	18	4	85033
25	M	25	20	19134
50	M	50	1	95070
25	M	25	0	64106
25	M	25	0	73147
18	M	18	0	94530
18	F	18	4	30134
25	M	25	0	73003
25	M	25	0	47421
25	M	25	17	43212
25	M	25	16	53406
25	M	25	0	43229
50	F	50	6	30307
18	M	18	4	43235
18	M	18	16	60523
18	M	18	4	94720
18	M	18	19	70043
35	M	35	0	72058
35	M	35	17	60103
18	M	18	4	00961
18	M	18	19	67218
25	M	25	2	60160
35	M	35	16	50317
18	M	18	4	11710-1641
25	M	25	7	53715
18	F	18	4	60137
18	F	18	0	91601
18	M	18	4	13655
18	M	18	14	43725
45	M	45	17	94602
18	M	18	20	30605
56	M	56	8	00606
35	M	35	20	46614
35	M	35	16	30034
56	M	56	16	77079
56	M	56	1	96153
35	M	35	7	91107
25	M	25	15	08109
35	M	35	17	77566
35	M	35	12	50325
45	M	45	0	94114
25	M	25	4	33157
25	M	25	0	90638
50	M	50	1	04240
25	M	25	2	10040
50	M	50	5	10128
35	M	35	20	77024
25	M	25	3	96813
35	M	35	6	90803
18	M	18	19	27028
18	F	18	4	77005
25	F	25	1	75149
25	M	25	4	75206
25	F	25	0	33067-1400
25	M	25	16	22112
25	F	25	3	90016
35	M	35	0	72058
25	M	25	14	75230
35	M	35	7	76248
18	M	18	0	75149
18	M	18	4	13655
45	F	45	0	94566
25	M	25	20	75205
45	M	45	16	75067
25	M	25	17	75240
35	M	35	16	79605
25	M	25	17	75044
56	M	56	2	90680
18	M	18	4	07030
25	M	25	17	99003
25	M	25	4	70115
25	M	25	0	45801
25	M	25	20	17022
18	M	18	4	94704
18	M	18	1	78133
35	M	35	1	22181
35	F	35	0	08009
45	M	45	0	23454
18	M	18	4	10027
18	M	18	20	18104
18	M	18	4	04901
45	M	45	1	85721
18	M	18	8	90210
45	M	45	2	19104
1	M	1	10	19116
25	M	25	0	19152
18	M	18	4	19146
25	F	25	2	53523
25	M	25	4	20008
25	M	25	11	20878
18	M	18	17	20724
50	M	50	11	20852
35	M	35	7	52003
45	M	45	11	22204
35	M	35	11	70118
18	M	18	4	70118
25	F	25	6	54729
18	M	18	4	22903
25	M	25	2	50021
25	M	25	7	22314
18	M	18	4	22401
18	M	18	4	22032
18	M	18	17	20742
18	F	18	4	22031
25	F	25	14	12189
50	M	50	13	90210
56	M	56	2	08825
25	F	25	12	48103
35	F	35	6	90035
50	M	50	7	10014
1	M	1	1	30707
35	F	35	9	56007
35	M	35	1	53706
1	M	1	8	02254
35	F	35	12	45249
25	M	25	20	50265
25	M	25	20	43315
25	F	25	0	53713
35	F	35	1	92801
18	F	18	4	43560
25	M	25	7	50310
45	M	45	11	49265
25	F	25	1	07721
18	M	18	4	07030
25	M	25	16	07302
18	M	18	4	12180
18	M	18	4	53190
18	F	18	4	14433
18	M	18	17	07030
35	M	35	5	10990
25	M	25	19	11501
25	M	25	0	10016
25	M	25	2	08817
35	M	35	7	10011
18	M	18	4	07940
25	M	25	12	11217
18	M	18	0	95037
18	M	18	4	53190
25	M	25	12	10014
18	F	18	4	53711
25	M	25	2	10002
45	M	45	12	95051
18	M	18	4	60047
35	M	35	5	10011
35	M	35	7	11747
18	M	18	5	12582
25	M	25	19	59602
25	M	25	12	10036
50	M	50	0	90803
25	M	25	0	92346
18	M	18	4	93004
56	M	56	7	92065
1	M	1	10	92106
18	F	18	4	59715
25	F	25	4	66049
56	M	56	16	94591
50	M	50	16	92129
50	M	50	14	95129
18	M	18	4	90048
35	M	35	7	94306
18	F	18	1	94606
25	M	25	7	94043
50	M	50	7	95008
50	M	50	11	92346
45	M	45	14	95148
56	M	56	13	85248
45	F	45	1	46774
50	M	50	20	92106
35	M	35	7	02127
45	M	45	7	95076
35	M	35	12	94107
25	M	25	12	92024
45	F	45	20	90069
1	M	1	10	92846
25	M	25	4	29732
35	M	35	0	91006
35	M	35	2	95008
35	M	35	16	92352
50	F	50	0	94521
45	M	45	20	93108
50	M	50	17	94611
25	M	25	12	94086
56	M	56	15	92119
35	M	35	12	95124
18	M	18	14	80023
50	M	50	6	94702
45	M	45	1	91335
25	M	25	20	90066
35	F	35	0	90024
35	F	35	7	94602
35	M	35	14	89119
56	M	56	13	92115
50	F	50	2	94530
25	M	25	12	91101
45	F	45	6	02135
56	M	56	12	94109
50	M	50	7	94024
25	M	25	19	93536
35	M	35	0	90401
18	M	18	1	30115
35	F	35	20	94118
25	F	25	5	91311
35	M	35	17	94804
56	M	56	13	95129
18	M	18	4	89146
1	M	1	10	94707
18	F	18	4	92805
25	M	25	4	91325
25	M	25	17	95126
35	F	35	14	95051
50	M	50	13	01938
45	M	45	7	90405
18	M	18	10	92704
45	F	45	6	95209
1	M	1	0	94525
35	F	35	7	80122
56	M	56	12	92780
25	F	25	7	94303
35	M	35	7	90026
56	F	56	6	90630
50	M	50	7	92886
1	F	1	0	95404
35	M	35	7	94806
1	M	1	10	94501
1	F	1	10	91107
25	M	25	15	94550
25	M	25	2	94114
25	M	25	7	94114
18	M	18	19	94703
25	M	25	17	95014
1	M	1	10	90405
35	M	35	0	90026
25	M	25	11	92335
25	F	25	2	91351
35	F	35	2	94930
25	M	25	12	95158
35	M	35	17	94550
35	M	35	5	04901
18	M	18	4	91501
18	F	18	4	93107
25	M	25	20	92866
25	M	25	14	94110
25	M	25	7	94041
1	M	1	10	93111
18	M	18	17	92595
25	M	25	12	49024
18	F	18	4	90630
35	M	35	1	91030
25	F	25	2	94566
25	M	25	16	91402
1	M	1	19	03109
35	M	35	0	44280
18	F	18	4	23185
25	F	25	1	17055
50	F	50	13	53092
45	M	45	7	55555
50	F	50	3	91911
18	F	18	1	60914
50	F	50	9	91941
25	F	25	6	89523
56	M	56	17	48304
25	M	25	20	93637
50	M	50	7	92116
25	M	25	11	85258
25	F	25	3	92116
50	M	50	13	89052
25	F	25	14	80230
45	M	45	17	92111
25	M	25	1	22903
35	M	35	17	12159
18	M	18	4	97361
35	M	35	5	58703
56	M	56	6	02726
1	M	1	10	43357
56	M	56	17	49506
35	M	35	7	06460
56	M	56	1	80303
1	M	1	10	80540
25	M	25	14	92109
18	M	18	10	92130
45	M	45	12	92122
50	M	50	13	91977
25	M	25	17	62629
25	F	25	1	85224
50	M	50	6	02090
25	M	25	7	85257
25	M	25	20	48309
18	M	18	4	85259
35	M	35	17	99508
35	M	35	2	89012
25	M	25	1	85364
35	M	35	0	85621
25	M	25	0	84108
50	F	50	9	24018
35	F	35	3	02113
18	M	18	4	44685
50	M	50	1	48197
56	F	56	13	02136-1522
1	M	1	10	80014
45	M	45	19	53572
18	M	18	4	58601
35	M	35	0	66048
50	M	50	16	80442
25	M	25	3	48220
35	F	35	7	60625
18	M	18	4	81520
35	F	35	3	01545
25	M	25	4	49456
45	M	45	0	60543
18	M	18	4	53233
18	M	18	4	01003
56	F	56	2	20783
25	M	25	17	35808
35	M	35	16	46214
50	M	50	1	27705
25	M	25	7	45011
25	M	25	0	61364
25	M	25	7	60137
18	M	18	4	56001
1	M	1	19	06614
56	M	56	13	03440
50	M	50	16	49277
25	F	25	9	48021
45	M	45	6	44131
25	F	25	12	10011
25	M	25	4	77345
35	M	35	20	60640
50	M	50	14	44614
45	F	45	20	91436
45	F	45	2	01851
18	F	18	0	45212
25	F	25	14	90046
56	M	56	14	02468
45	F	45	1	33301
50	M	50	16	60060
25	F	25	7	02494
25	F	25	20	24015
1	M	1	10	79358
25	M	25	14	37931
45	F	45	0	49408
1	F	1	0	24179
35	M	35	1	91711
1	M	1	10	06437
50	M	50	6	49456
50	F	50	0	13210
35	F	35	3	99504
35	M	35	7	93906
1	M	1	10	46033
45	M	45	11	06416
25	M	25	12	03110
50	M	50	11	49008
25	M	25	4	56301
35	M	35	1	49417
56	F	56	1	06437
35	M	35	0	44130
1	M	1	1	48304
56	M	56	1	44107
18	M	18	4	44646
25	M	25	4	43138
35	M	35	1	01020
25	M	25	6	46807
25	F	25	6	53202
50	M	50	16	06430
35	F	35	12	43528
56	M	56	15	79068
35	F	35	6	13210
45	M	45	7	01605
50	F	50	12	21133
18	F	18	4	13148
18	M	18	4	48197
25	F	25	4	13210
18	M	18	4	13165
18	M	18	0	55112
18	M	18	4	13323
1	M	1	10	45241
25	M	25	11	37931
18	M	18	17	49445
1	M	1	19	48323
18	M	18	4	64920
18	M	18	4	23186
18	M	18	0	06360
35	M	35	14	48328
25	M	25	0	37923-3112
50	M	50	7	60618
35	M	35	17	17601
35	M	35	17	48313
35	F	35	20	48044
56	M	56	1	49006
18	M	18	0	48322
35	M	35	2	60061
56	M	56	13	58504
25	F	25	17	33990
18	M	18	5	48504
35	M	35	20	48067
18	F	18	0	48823
25	F	25	0	24017
25	M	25	16	48309
25	M	25	11	48825
35	M	35	12	03062
45	M	45	15	60035
25	M	25	1	24060
18	F	18	20	495321
25	M	25	1	24060
1	M	1	10	60462
25	M	25	16	13090
50	M	50	11	46802
56	M	56	13	32806
45	F	45	12	23116
25	M	25	6	04456
18	M	18	18	21740
35	M	35	17	01519
18	M	18	4	49546
56	M	56	13	49307
25	M	25	14	02148
35	M	35	4	10036
1	M	1	0	02780
56	M	56	13	02356
35	M	35	12	61614
35	F	35	0	13064
25	M	25	0	12306
35	M	35	3	46033
56	M	56	14	02632
18	M	18	4	12309
45	F	45	1	46737
25	M	25	5	04103
45	M	45	0	03060
25	M	25	0	01701
56	M	56	14	02632
1	F	1	10	01607
18	M	18	10	02780
50	M	50	1	01778
35	M	35	18	13027
1	F	1	10	00681
18	F	18	4	88119
50	F	50	3	33615
45	M	45	14	46804
50	F	50	16	48706
45	F	45	14	46804
18	M	18	4	32607
18	M	18	0	46517
18	M	18	10	32750
18	M	18	2	96002
18	F	18	0	60641
18	F	18	0	81301
25	M	25	0	60089
18	F	18	4	22904
56	M	56	13	33316
18	M	18	4	22807
18	M	18	16	97405
25	M	25	12	68508
1	F	1	10	50246
18	M	18	19	55912
18	F	18	3	45244
25	M	25	12	60618
50	F	50	14	60618
18	F	18	19	46556
35	F	35	2	95521
1	F	1	10	35810
18	M	18	0	87122
35	M	35	0	95826
25	M	25	7	32836
1	M	1	10	99203
25	F	25	6	95833
1	M	1	10	60202
1	M	1	0	95451
50	F	50	16	99114
35	M	35	0	48103
18	M	18	20	60641
50	M	50	13	87502
50	M	50	12	87505
25	M	25	4	99217
1	M	1	19	73505
35	F	35	20	95451
45	M	45	14	85251
25	F	25	0	28304
25	M	25	12	27713-9225
25	M	25	0	45245
25	F	25	4	60443
56	F	56	1	11795
18	M	18	4	45403
45	M	45	17	27502
18	M	18	5	41018
45	M	45	16	60126
18	F	18	19	60641
1	M	1	10	60148
25	F	25	15	27603
18	M	18	4	45231
25	F	25	0	27713
1	M	1	10	41011
25	M	25	17	45233
1	M	1	10	60148
25	M	25	12	45140
25	F	25	1	27515
35	F	35	9	46815
1	M	1	10	60613
35	M	35	1	60016
56	M	56	20	46804
1	F	1	10	11743
45	M	45	12	53718
56	M	56	3	94941
25	F	25	7	10016
45	M	45	7	11201
18	M	18	4	07508
25	M	25	0	10006
35	M	35	7	10011
45	M	45	17	88005-4313
45	M	45	6	01950
18	M	18	4	80521
25	F	25	0	60622
25	F	25	1	46807
25	F	25	0	93940
25	F	25	20	60612
1	M	1	10	44906
35	M	35	17	64153
25	M	25	6	60060
50	F	50	3	95451-9554
56	M	56	17	94931
45	F	45	1	13088
25	M	25	2	60123
25	M	25	12	60025
25	M	25	5	96815
25	F	25	7	27514
50	M	50	14	60016
25	M	25	12	60025
45	M	45	0	61821
45	F	45	1	60302
50	M	50	11	85726
25	M	25	14	60061
35	F	35	3	60187
56	M	56	1	85718
1	M	1	10	46324
1	M	1	10	96782
35	F	35	6	14905
25	F	25	4	32607
18	M	18	10	60148
45	M	45	12	64117
45	M	45	5	60647
18	M	18	4	60115
45	M	45	2	86701
1	M	1	10	60565
1	M	1	10	60007
25	M	25	0	60622
45	M	45	2	60613
35	F	35	12	46755
25	M	25	5	60466
18	M	18	19	60010
35	M	35	14	60626
18	F	18	1	01562
50	F	50	0	46815
35	M	35	5	33317
35	F	35	6	44303
45	F	45	15	59840
18	F	18	4	59715
18	F	18	4	10033
56	F	56	16	70503
25	F	25	20	46835
25	M	25	5	33025
45	M	45	17	48116
25	M	25	6	70508
45	F	45	7	37877
56	M	56	13	60506
50	F	50	2	48118
56	F	56	13	37774
35	F	35	1	46774
45	F	45	0	11217
18	M	18	1	14620
50	M	50	14	13210
25	M	25	0	71731
25	M	25	6	23235
18	M	18	2	31401
56	M	56	7	39211
56	M	56	13	44143
45	F	45	9	13035
50	M	50	17	01536
50	M	50	7	08816
56	M	56	6	74105
45	M	45	11	48104
50	M	50	2	32117
35	M	35	18	44708
25	M	25	20	90024
1	F	1	10	13090
35	M	35	17	82604
56	M	56	0	06082
1	M	1	10	13066
50	F	50	1	52002
25	M	25	0	61021
45	M	45	1	13214
50	M	50	15	13039
56	F	56	3	48130
56	M	56	13	48108
45	M	45	11	72316
25	F	25	6	22923
56	M	56	13	52003
35	M	35	17	77584
18	F	18	10	13090
56	M	56	13	49423
25	F	25	12	02478
50	M	50	12	48104
50	M	50	17	08055
45	M	45	12	94103
50	M	50	20	48104
18	F	18	4	02138
25	M	25	17	02140
45	F	45	16	48103
45	F	45	0	08901
45	M	45	12	48130
25	F	25	4	22902
45	M	45	0	13131
50	F	50	6	48103-4711
25	F	25	1	13210
56	M	56	7	48114
35	M	35	0	13207
45	F	45	9	57108
56	M	56	7	48114
35	M	35	7	48104
50	F	50	1	06043
25	M	25	7	30115
56	F	56	13	48105
35	M	35	3	13088
35	M	35	17	50321
18	F	18	4	27708
18	M	18	4	01040
18	M	18	10	48169
56	M	56	7	13212
56	F	56	15	97367
45	M	45	7	48103
56	M	56	1	48104
56	M	56	14	01545
50	M	50	6	13035
56	F	56	7	01562
50	M	50	17	48197
35	M	35	18	13146
35	M	35	17	49424
45	M	45	17	13152
56	F	56	3	52003
35	M	35	2	48104
56	M	56	1	13210
35	M	35	3	48107
45	F	45	1	01604
25	M	25	12	02139
35	M	35	16	98031
1	F	1	10	48105
35	M	35	1	48116
50	M	50	12	06082
25	M	25	8	50309
18	M	18	4	44312
25	F	25	0	11106
50	M	50	13	41076
35	F	35	9	61270
35	M	35	11	94306
45	F	45	9	13203
50	F	50	16	13207
35	F	35	14	13316
56	F	56	6	06074
56	M	56	13	13685
50	M	50	6	13210
56	M	56	7	49423
25	M	25	14	94110
50	M	50	14	95823
56	F	56	9	13078
50	M	50	7	13203
45	F	45	16	01532
25	F	25	9	49424
56	F	56	13	13057
35	M	35	14	06040
50	M	50	1	13215
35	F	35	7	06082
45	F	45	7	01602
45	M	45	7	94109
25	M	25	14	94404
50	F	50	7	13027
25	M	25	1	13210
35	M	35	0	06108
25	M	25	3	75150
18	M	18	18	13045
25	M	25	4	22903
35	F	35	9	13066
50	M	50	13	59715
25	F	25	14	95125
35	M	35	17	62034
45	F	45	2	01545
25	F	25	0	06040
25	M	25	17	32224
56	M	56	5	06082
25	M	25	16	37922
25	F	25	6	33076
50	M	50	18	13126
56	F	56	3	06040
56	M	56	13	13123
35	M	35	6	37923
35	M	35	7	08021
18	F	18	0	22102
35	F	35	11	43201
25	M	25	0	98122
35	M	35	17	11355
25	F	25	16	95687
25	M	25	4	22901
45	M	45	17	32024
18	M	18	4	37743
18	M	18	7	64055
50	M	50	8	78065
56	F	56	12	01520
35	M	35	16	11358
45	F	45	1	01609
35	F	35	9	06074
56	M	56	7	06071
35	F	35	14	01536
56	M	56	13	01501
56	F	56	7	06118
25	M	25	1	49503
25	M	25	7	22407
45	M	45	7	01531
45	M	45	1	53045
1	F	1	10	06074
25	M	25	0	06096
50	M	50	7	37938
35	M	35	7	44306
50	F	50	9	02865
45	F	45	9	01520
25	M	25	17	95035
35	F	35	14	45243
56	M	56	0	01606
25	F	25	14	94010
45	M	45	17	45255
25	M	25	2	22903
25	M	25	4	22902
25	F	25	4	22903
25	M	25	4	22903
25	M	25	4	22903
25	M	25	4	22901
25	M	25	4	22903
25	M	25	7	22902
25	M	25	4	22923
35	M	35	1	22903
45	M	45	17	48105
50	M	50	17	01430
45	F	45	6	42406
35	M	35	17	36830
35	F	35	0	49464
45	F	45	4	42420
25	M	25	0	48104
18	M	18	7	10038
25	M	25	14	03051
35	M	35	6	37932
56	M	56	13	37922
45	M	45	16	01612
45	M	45	12	37853
45	M	45	7	01545
25	M	25	7	55429
18	M	18	0	97005
35	M	35	7	48197
25	M	25	5	48103
25	M	25	0	60656
25	M	25	7	85040
50	M	50	7	44313
50	F	50	1	36067
18	M	18	4	98117
35	M	35	1	44303
25	M	25	7	33916
18	F	18	4	44106
50	M	50	6	44333
25	M	25	15	94303
1	M	1	10	44224
50	M	50	1	44240
25	M	25	4	90048
35	M	35	18	52001
50	M	50	13	98683
25	M	25	18	37922
25	M	25	12	98105
25	M	25	12	83815
25	F	25	18	98115
50	M	50	12	78703
45	M	45	0	42420
50	M	50	1	37922
25	F	25	1	23454
18	F	18	20	94410
35	M	35	14	03054
50	F	50	3	37772
56	M	56	13	90503
45	M	45	5	31901
35	M	35	14	95746
18	M	18	12	98105
45	M	45	7	55438
45	F	45	2	31804
35	F	35	9	37843
25	M	25	12	94703
35	M	35	7	22904
45	F	45	2	37924
45	M	45	2	90631
18	M	18	4	52003
18	F	18	4	56401
50	M	50	1	37932
50	F	50	14	37922
56	M	56	18	70817
50	M	50	0	36109
56	M	56	1	29672
25	M	25	15	37923
56	M	56	13	49423
35	M	35	17	19360
25	M	25	7	98115
25	M	25	7	55405
25	F	25	14	98225
25	M	25	4	94107
35	F	35	3	77429
25	M	25	5	36109
25	M	25	7	37930
25	M	25	7	15209
45	F	45	14	36109
56	M	56	1	37922
56	M	56	14	37922
45	M	45	12	37914
45	F	45	6	37909
35	F	35	9	53806
25	M	25	7	11793
45	F	45	2	14850
56	F	56	2	95448
35	M	35	17	49424
18	M	18	11	60614
25	M	25	17	49423
56	F	56	9	38558
35	F	35	1	37922
56	M	56	13	37923
35	M	35	15	36109
56	M	56	0	37922
35	F	35	9	95903
18	M	18	0	42420
45	F	45	7	52003
56	F	56	13	37917
25	F	25	3	49423
50	F	50	6	37922
56	F	56	2	03431
56	M	56	13	37830
35	M	35	11	37620
56	M	56	13	37923
35	M	35	7	32444
45	F	45	6	42420
35	F	35	5	49424
45	F	45	13	37922
35	F	35	0	42420
45	M	45	1	52001
56	M	56	13	37830
56	F	56	13	37931
35	F	35	0	37920
35	F	35	6	37919
56	M	56	13	37938
50	M	50	7	37931
25	M	25	12	98133
25	F	25	9	29369
25	M	25	7	29369
25	M	25	1	97405
56	M	56	7	10522
25	M	25	4	02430
18	F	18	19	02452
56	M	56	17	53061
18	M	18	10	53207
45	F	45	6	84318
25	M	25	15	06460
18	M	18	0	98021
45	M	45	13	53132
35	F	35	20	43230
35	M	35	5	34786
35	M	35	17	94022
25	M	25	0	06451
25	M	25	17	31311
45	M	45	0	45248
56	F	56	14	95005
35	M	35	17	20151
35	M	35	14	75005
45	M	45	16	94536
50	M	50	6	06511
35	M	35	7	76248
18	M	18	17	97030
25	M	25	7	77099
50	M	50	7	94107
35	M	35	15	91411
45	F	45	1	12538
25	M	25	11	60611
25	F	25	1	97201
35	M	35	7	19610
56	F	56	1	94563
45	M	45	15	64081-8102
25	M	25	20	46802
35	M	35	7	55124
56	F	56	13	78737
25	M	25	0	19004
18	M	18	4	94044
18	M	18	1	50310
50	M	50	7	80004-4448
56	M	56	16	95816
35	M	35	7	31047
18	M	18	4	15213
50	M	50	7	48152
50	F	50	0	95616
25	M	25	17	20866
25	M	25	12	53154
25	M	25	14	19312
35	M	35	16	27613
45	M	45	12	92104
25	M	25	17	19126
25	M	25	0	45459
35	M	35	7	75013
50	M	50	7	34285
56	F	56	0	48178
25	F	25	1	10025
50	F	50	12	55391
45	M	45	7	48322
25	M	25	3	07719
45	F	45	3	94560
35	M	35	1	92120
25	M	25	7	15205
25	M	25	7	21029
35	M	35	7	02657
45	F	45	15	60081
18	F	18	4	53538
35	M	35	12	95677
18	M	18	4	47306
18	M	18	0	46304
35	F	35	6	27516
56	M	56	1	30345
35	F	35	0	44313
35	M	35	7	61910
56	M	56	1	04056
25	M	25	1	06877
25	F	25	2	11217
25	M	25	11	15237
18	F	18	5	78704
50	F	50	1	14850
56	M	56	0	43528
35	F	35	9	07728
56	M	56	1	15701
35	M	35	0	06403
18	M	18	12	78750
35	F	35	20	44303
25	M	25	14	06405
25	F	25	6	80236
35	M	35	12	78230
25	M	25	6	19428
25	M	25	0	33073
45	M	45	17	99005
18	M	18	15	45215
25	M	25	7	60657
45	M	45	17	18049
35	F	35	11	15116
25	M	25	17	27707
25	M	25	16	80126
45	M	45	7	75080
56	M	56	14	11779
35	M	35	20	84010
25	M	25	7	94109
35	F	35	9	48336
35	M	35	7	66224
56	M	56	13	32837
1	F	1	10	47403
25	M	25	7	60115
35	M	35	14	01060
56	M	56	17	28704
56	M	56	13	19312
25	M	25	17	02021
25	F	25	4	02215
35	M	35	7	52402
35	M	35	11	98443
45	M	45	16	63128
35	F	35	6	08043
25	F	25	4	94110
45	M	45	0	24541
35	M	35	6	94598
35	F	35	12	54220
35	M	35	7	04096
35	M	35	7	77040
25	M	25	4	94110
35	M	35	18	98664
56	M	56	20	78731
35	F	35	7	66204
25	M	25	6	49707
18	F	18	4	02143
25	M	25	12	01864
25	F	25	4	48823
18	M	18	4	43210
35	M	35	7	60188
18	F	18	0	19143
45	M	45	7	02116
25	M	25	0	85283
1	M	1	10	08805
25	M	25	17	54915
25	M	25	12	27511
25	M	25	7	24210
18	M	18	4	06459
18	F	18	4	14620
56	M	56	13	72949
18	M	18	4	90024
35	M	35	11	46033
25	M	25	7	24210
50	F	50	17	87031
25	F	25	2	10028
56	F	56	13	74128
25	M	25	7	30117
45	M	45	1	60115
45	M	45	6	65201
35	M	35	11	52803
56	M	56	13	72764
25	M	25	1	27713
25	F	25	1	27713
56	M	56	13	24060
25	M	25	7	44115
25	F	25	0	60660
35	M	35	17	94303
25	F	25	4	01075
18	F	18	19	33953
25	M	25	7	96811
18	M	18	4	96815
50	F	50	4	96822
50	F	50	4	96825
25	M	25	4	96826
25	F	25	4	96817
25	M	25	12	98100
35	M	35	0	20795
45	M	45	14	19382
35	M	35	7	22043
25	F	25	9	28147
45	F	45	2	27514
35	M	35	7	30071
45	M	45	11	02155
25	M	25	11	60603
35	M	35	12	27614
50	M	50	7	17402
35	M	35	11	48640
35	M	35	7	11050
45	M	45	17	92805
45	M	45	17	94002
18	F	18	4	02912
25	M	25	7	22903
45	M	45	12	80303
25	M	25	3	50311
50	F	50	2	22181
35	F	35	7	92316
45	M	45	17	22181
25	M	25	14	60614
25	M	25	17	36092
25	M	25	14	72601
18	M	18	17	53818
35	F	35	1	30345
50	M	50	14	50265-2850
18	F	18	4	90025
25	M	25	4	85719
25	M	25	12	10025
25	F	25	15	91360
25	F	25	16	28120
25	M	25	15	77006
50	F	50	20	27516
50	M	50	12	60148
35	M	35	7	29631
18	M	18	4	97331
25	M	25	2	10023
56	M	56	8	12436
25	M	25	7	36102
56	M	56	0	01886
35	M	35	6	80917
50	M	50	16	63131
18	F	18	4	48104
25	M	25	7	91403
50	M	50	7	02420
45	M	45	7	55016
25	M	25	0	99163
25	M	25	17	90210
25	M	25	7	20170
35	M	35	1	14260
18	M	18	1	92037
35	M	35	17	10025
35	M	35	2	78766
25	M	25	1	92103
18	F	18	4	90038
25	M	25	14	22205
18	M	18	4	95326
56	M	56	13	94025
35	M	35	7	10040
25	M	25	17	94133
35	M	35	4	45205
18	F	18	4	48858
45	M	45	17	78750
50	M	50	20	20007
56	M	56	13	29928
25	M	25	4	60201
25	M	25	4	60614
56	M	56	1	90049
18	M	18	4	90025
25	M	25	20	85013
56	M	56	7	10023
18	M	18	4	02452
35	M	35	7	70116
25	M	25	2	20036
50	M	50	13	33710
25	M	25	14	92104
25	F	25	7	94043
35	M	35	20	10038
18	M	18	0	55404
18	F	18	4	73070
25	F	25	3	12866
35	M	35	20	10036
25	M	25	7	94022
35	F	35	0	46234
56	M	56	19	06040
1	M	1	10	15208
35	F	35	11	22043
56	M	56	16	60610
25	M	25	7	10016
1	F	1	10	64093
25	M	25	19	94122
25	M	25	17	60607
25	M	25	20	55406
35	M	35	7	02127
35	M	35	17	60477
25	M	25	7	60015
35	M	35	12	53130
25	M	25	12	55106
45	M	45	14	44122
35	F	35	0	02138
18	M	18	20	10036
50	M	50	7	10003
25	M	25	4	02452
18	M	18	4	02111
25	F	25	20	94014
35	M	35	12	10011
25	M	25	17	94063
18	M	18	4	02454
45	M	45	20	10013
35	M	35	7	94506
25	M	25	0	32225
25	M	25	17	20036
25	M	25	15	85003
35	M	35	1	33304
35	M	35	20	60622
25	M	25	12	07974
18	M	18	0	49506
18	M	18	1	95864
25	M	25	17	10003
25	M	25	0	60660
50	M	50	12	98056
35	M	35	17	30145
25	F	25	4	78705
25	M	25	20	87103
25	M	25	4	74074
18	F	18	4	91604
18	M	18	4	10027
25	M	25	0	47401
45	M	45	11	94114
18	M	18	20	94608
25	F	25	7	94107
25	M	25	12	98037
1	M	1	1	444555
18	F	18	4	64151
25	M	25	4	94102
35	M	35	11	22030
25	M	25	0	10469
1	F	1	10	72601
18	M	18	1	95814
35	M	35	17	20009
25	M	25	15	06510
45	M	45	7	55066
25	F	25	2	27705
35	F	35	3	11725
25	F	25	6	21014
25	M	25	7	53717
45	M	45	17	15204
35	M	35	12	94025
50	M	50	17	07650
50	M	50	18	95472
25	F	25	14	98110
25	M	25	20	94014
18	F	18	4	64093
35	F	35	20	20036
25	M	25	2	10013
25	M	25	17	02149
35	M	35	1	80687
50	F	50	20	88005
18	M	18	4	60062
18	M	18	12	55405
25	F	25	12	77019
18	M	18	20	78759
18	M	18	20	30101
50	F	50	3	53222
18	F	18	1	80302
18	M	18	4	60073
25	M	25	3	66205
25	M	25	14	55438
35	M	35	3	55104
35	M	35	7	90069
18	F	18	4	66044
25	M	25	4	84064
25	M	25	1	94025
18	M	18	4	44130
25	M	25	11	07039
18	M	18	14	60073
25	M	25	5	97405
18	M	18	4	02453
35	M	35	14	94133
18	M	18	12	95120
25	M	25	17	78749
25	M	25	12	98007
25	M	25	16	20850
25	M	25	4	16802
35	M	35	17	55407
35	M	35	19	55421
35	F	35	5	12345
18	M	18	2	74403
25	M	25	7	43228
1	M	1	19	75602
25	F	25	4	55455
18	F	18	4	48104
35	F	35	20	98119
25	M	25	4	92614
25	M	25	7	23423
45	M	45	2	98011
25	M	25	0	60201
25	M	25	12	98112
18	M	18	17	88076
25	M	25	2	55116
50	M	50	1	53221
25	M	25	17	52402
35	M	35	12	44256
18	F	18	4	94121
25	F	25	4	23454
18	F	18	2	55118
25	M	25	12	24060
25	M	25	2	90068
18	M	18	2	60614
50	M	50	17	45420
18	M	18	4	16803
25	M	25	12	55346
35	M	35	11	32082
35	F	35	20	91324
25	M	25	0	55126
18	F	18	4	94122
18	F	18	4	48103
25	F	25	0	55345
25	F	25	15	94901
25	M	25	0	02143
35	M	35	12	98033
50	F	50	1	93103
35	M	35	12	95864
18	F	18	4	48104
35	F	35	17	89507
35	M	35	16	92630
25	F	25	0	02138
18	M	18	14	48185
25	M	25	17	98033
18	M	18	0	72761
35	F	35	14	94303
25	M	25	4	06511
25	M	25	20	23225
18	M	18	2	11435
35	M	35	14	92025
25	M	25	12	50265
18	M	18	4	48104
25	M	25	7	91911
35	M	35	17	06074
18	M	18	4	48104
50	M	50	17	91977
35	M	35	3	94109
18	F	18	4	48104
25	M	25	17	07030
35	F	35	4	48103
25	F	25	4	48104
25	M	25	0	94110
18	F	18	0	48104
25	M	25	7	06851
18	M	18	4	48104
25	M	25	4	48104
25	M	25	4	97330
18	F	18	4	48108
18	M	18	4	48105
35	M	35	11	20879
18	M	18	20	86001
18	F	18	4	48104
35	M	35	20	45236
35	M	35	2	45243
45	M	45	7	91766
45	M	45	6	52556
25	M	25	4	54902
18	M	18	4	97850
25	M	25	4	48105
18	M	18	4	97333
25	M	25	4	24060
18	M	18	4	15213
18	F	18	6	92122
35	M	35	12	97330
35	M	35	12	45243
50	M	50	1	48105
18	M	18	4	14853
18	M	18	19	12133
35	M	35	5	95008
25	M	25	15	97333
18	M	18	0	63011
35	F	35	16	45238
25	F	25	1	45241
25	M	25	7	33813
25	M	25	4	55408
18	M	18	4	94704
45	M	45	11	90028
18	M	18	15	94606
18	F	18	4	02138
25	M	25	17	94133
18	M	18	4	45750
35	M	35	0	33174
18	M	18	4	94403
35	F	35	3	55112
25	M	25	12	78759
25	M	25	1	10003
25	M	25	12	78660
45	M	45	17	97124
35	M	35	7	06430
56	M	56	6	62707
18	M	18	12	78759
35	F	35	9	85255
35	M	35	0	45242
50	M	50	12	97330
35	F	35	7	60302
45	F	45	15	78750
25	M	25	17	78730
25	F	25	7	92108
35	M	35	17	14302
35	F	35	0	90004
18	F	18	4	45750
18	M	18	4	85719
1	M	1	10	12701
18	M	18	4	92037
35	M	35	1	48103
18	M	18	4	48135
25	M	25	0	47303
18	M	18	4	02906
18	F	18	1	33143
25	F	25	7	90230
56	M	56	13	14843
25	F	25	2	97333
35	F	35	2	97401
50	F	50	3	33611
25	M	25	8	22046
25	M	25	4	97333
56	M	56	1	49042
18	M	18	2	90069
35	M	35	16	77301
45	M	45	1	90631
1	M	1	4	46311
25	F	25	4	94117
18	M	18	2	02066
50	F	50	0	02421
35	M	35	12	94025
18	M	18	17	94063
35	M	35	12	10036
25	F	25	3	55102
18	M	18	4	44056
25	F	25	3	98501
25	M	25	18	10309
25	F	25	12	55438
18	M	18	12	55123
35	M	35	0	75023
35	F	35	1	92705
45	M	45	2	29440
18	M	18	4	03106
18	M	18	4	03106
35	M	35	17	90026
18	F	18	4	48135
18	M	18	4	61801
25	F	25	0	02148
35	F	35	9	66204
18	M	18	4	97470
18	F	18	4	10708
25	M	25	1	02115
50	M	50	1	55126
25	M	25	0	90028
25	M	25	0	23451
25	F	25	11	06107
35	M	35	17	30024
18	M	18	4	43202
35	F	35	1	02155
25	F	25	1	55410
25	M	25	20	55410
25	M	25	7	77252
35	F	35	6	45459
50	F	50	0	97403
25	M	25	16	01581
25	M	25	4	78703
18	M	18	12	98105
1	F	1	1	90802
25	F	25	4	87110
45	M	45	16	93448
25	M	25	2	90004
25	F	25	0	19107
35	M	35	15	98108
45	F	45	20	89134
35	M	35	0	30030
25	F	25	3	06810
45	F	45	3	38028
25	F	25	5	10021
25	M	25	4	55112
25	M	25	17	20910
25	F	25	6	91423
18	M	18	15	91101
25	M	25	12	34170
25	M	25	20	64112
18	M	18	17	02118
35	M	35	12	98166
25	M	25	0	33142
25	M	25	17	92656
50	M	50	6	22039
25	F	25	11	43201
25	M	25	0	10002
18	M	18	4	56520
18	M	18	12	98133
25	M	25	10	55414
18	M	18	5	65211
35	M	35	17	48323
25	M	25	12	98034
35	M	35	0	83704
25	M	25	0	77025
45	M	45	1	37027
18	M	18	4	55414
25	M	25	2	32118
25	F	25	7	22209
25	M	25	2	90401
25	M	25	12	30337
25	M	25	7	10025
25	M	25	2	32118
25	F	25	0	10003
18	M	18	2	10012
25	M	25	7	21117
25	M	25	7	32835
25	F	25	2	90036
35	M	35	7	98467
18	M	18	4	33720
18	M	18	4	55455
25	M	25	15	12345
25	F	25	4	72801
25	M	25	11	11217
35	M	35	17	46229
56	M	56	13	89128
25	F	25	4	78728
25	M	25	14	81679
25	M	25	20	85719
50	F	50	16	90272
25	F	25	7	85260
18	M	18	4	02138
25	M	25	0	31605
25	M	25	14	49355
18	M	18	20	72837
18	M	18	4	92602
25	F	25	3	92831
25	F	25	0	92870
18	M	18	4	61801
25	F	25	4	73160
25	F	25	4	95616
25	M	25	7	55112
35	M	35	7	07663
25	M	25	12	92880
25	M	25	15	15217
25	F	25	15	15213
25	M	25	17	77521
25	M	25	7	55408
25	M	25	1	08854-3115
18	M	18	15	95616
18	M	18	12	55118
35	M	35	7	60611
18	M	18	4	32607
25	M	25	2	77056
35	F	35	5	94546
50	M	50	0	23518
25	M	25	0	08461
50	F	50	3	10128
18	M	18	12	55408
25	M	25	12	55317
18	F	18	14	10018
35	M	35	16	10014
25	M	25	17	95129
25	F	25	6	94132
35	F	35	5	44313
18	F	18	20	02125
25	M	25	14	07430
25	M	25	12	07436
25	M	25	12	12866
50	M	50	7	60510
25	F	25	18	21214
18	M	18	7	55337
50	M	50	1	92122
35	M	35	12	32935
56	M	56	13	55344
25	M	25	16	90292
1	M	1	17	97062
25	M	25	12	27707
18	M	18	4	02912
25	M	25	0	92019
25	M	25	15	92648
18	M	18	4	80228
18	F	18	4	45219
18	F	18	14	94110
25	M	25	12	94110
18	M	18	0	57106
25	F	25	1	98144
45	M	45	7	35216
18	F	18	4	24060
35	M	35	0	90254
45	M	45	16	80304
35	F	35	16	80304
18	M	18	20	44089
35	M	35	7	60610
25	M	25	14	30342
25	M	25	0	21555
45	F	45	0	02115
50	M	50	16	20015
25	F	25	17	11215
25	F	25	1	83705
56	F	56	7	10019
50	F	50	13	55447
35	M	35	1	54481
35	F	35	0	92630
56	M	56	6	48070
18	F	18	4	54302
35	M	35	7	54016
25	M	25	0	19106
35	M	35	7	10583
25	M	25	20	10014
25	F	25	14	93428
18	M	18	0	15237
35	M	35	4	10027
25	F	25	14	60657
25	M	25	14	05448
56	F	56	1	93105
35	M	35	16	92630
25	M	25	7	55112
35	M	35	12	92821
50	M	50	2	60660
1	F	1	0	90012
18	M	18	4	87801
18	M	18	15	87111
35	M	35	7	05401
35	M	35	7	10069
25	F	25	12	07730
18	M	18	4	55403
50	F	50	0	20004
50	M	50	13	94089
25	M	25	12	98117
18	F	18	4	92647
18	M	18	2	08820
35	F	35	1	85258
35	M	35	15	92649
25	F	25	7	94115
25	F	25	4	92648
25	M	25	4	90069
35	M	35	17	15330
50	M	50	0	76067
35	F	35	4	26505
35	F	35	6	95843
25	F	25	15	91902
25	M	25	15	92111
25	M	25	14	94105
45	M	45	6	02339
18	F	18	4	95616
25	M	25	4	44514
45	M	45	20	87505
25	M	25	14	55391
50	M	50	11	66048
25	F	25	1	94536
25	M	25	15	53704
25	F	25	4	95616
25	M	25	4	78705
25	M	25	12	04106
18	F	18	20	45220
18	M	18	11	45220
35	F	35	0	92704
35	M	35	0	08330
35	M	35	7	11201
25	M	25	20	02062
35	M	35	7	10028
25	M	25	20	55391
25	M	25	17	94107
35	M	35	7	10014
45	M	45	15	92880
25	M	25	7	33486
25	M	25	17	79705
45	M	45	3	20009
35	M	35	16	66208
25	M	25	6	48197
25	M	25	4	44706
35	F	35	7	80013
56	M	56	13	27514-3540
25	M	25	14	94133
45	M	45	6	95695
25	M	25	14	90292
25	F	25	7	27516
50	F	50	6	79410
45	M	45	14	37343
18	M	18	4	78749
18	M	18	18	92123
18	M	18	14	90292
18	M	18	4	91325
1	M	1	10	20876
25	F	25	4	19119
35	M	35	5	19119
25	F	25	2	85719
25	M	25	17	74074
56	M	56	17	06405
45	F	45	5	92649
56	M	56	20	94708
45	M	45	14	60045
50	M	50	6	90640
18	F	18	20	15701-1348
25	M	25	17	20707
45	M	45	14	12561
25	M	25	4	90039
18	F	18	4	90039
35	M	35	20	90292
25	M	25	7	06516
25	M	25	12	78731
1	M	1	19	92557
25	M	25	4	78705
56	M	56	13	30047
56	F	56	13	92308
25	M	25	1	56082
35	M	35	1	95380
18	F	18	4	68516
35	M	35	14	11784
35	M	35	17	48083
35	F	35	14	39180
45	M	45	7	64138
18	M	18	12	91423
56	M	56	19	91790-1161
50	M	50	18	72601
35	F	35	1	47933
25	F	25	7	06854
25	M	25	7	06854
18	M	18	16	29404-2205
35	M	35	0	09142
25	M	25	0	10023
35	M	35	17	93436
25	M	25	4	97214
45	M	45	16	08053
25	M	25	17	44118
45	M	45	16	48097
25	M	25	20	91730
25	F	25	5	92705
18	F	18	4	79912
35	M	35	0	08902
25	M	25	7	18655
35	M	35	7	54016
35	F	35	7	91362
45	M	45	16	94546
18	F	18	4	92054
18	F	18	0	20815
18	F	18	5	92870
35	M	35	0	30533
35	M	35	17	92688
25	M	25	7	18615
25	M	25	1	400060
35	M	35	7	95031
25	M	25	18	64055
25	F	25	1	91790
25	M	25	20	22936
25	F	25	0	92646
25	M	25	4	91790
25	F	25	0	90212
35	F	35	9	04046
56	M	56	13	17033
50	M	50	17	23059
35	M	35	14	08750
50	M	50	16	10025
25	M	25	14	55435
45	M	45	18	14701
18	M	18	4	92833
25	M	25	2	55405
56	M	56	13	55118
18	M	18	16	94709
35	M	35	5	64801
25	M	25	4	89193
35	M	35	16	10803
25	M	25	17	03570
18	M	18	4	48135
35	M	35	1	20037
50	M	50	0	20815
25	M	25	0	96671
1	F	1	10	55305
56	M	56	16	03070
35	M	35	7	91304
25	F	25	9	32212
18	M	18	4	55414
18	M	18	1	94706
25	F	25	1	92646
18	M	18	0	13603
45	F	45	20	02476
18	M	18	4	48135
50	M	50	6	08108
35	M	35	12	60563
35	M	35	7	90069
25	M	25	7	02134
25	M	25	12	15217
25	M	25	5	55414
18	M	18	20	30033
25	M	25	4	14623
25	M	25	14	08742
35	M	35	7	76109
35	M	35	20	30306
35	M	35	5	48342
25	M	25	8	95380
35	M	35	14	92084
25	F	25	7	85214
45	F	45	5	60050
25	M	25	17	14830
25	M	25	4	48127
35	M	35	1	20653
18	M	18	4	02139
25	M	25	18	85213
25	F	25	17	92084
25	M	25	17	75146
35	M	35	7	80129
25	M	25	12	20850
18	F	18	2	14616
18	F	18	3	22305
45	M	45	1	16801
25	F	25	7	48105
45	M	45	7	94501
25	M	25	5	43221
25	M	25	7	84088
25	M	25	6	92111
18	M	18	20	48135
25	M	25	20	90046
25	M	25	14	78267
45	M	45	1	47933
25	F	25	7	94602
45	F	45	1	15208
45	F	45	6	48867
25	M	25	12	27410
18	M	18	12	55113
18	M	18	4	48867
45	M	45	1	48867
35	M	35	0	98503
25	F	25	0	37203
25	F	25	0	78735
18	M	18	17	76116
56	M	56	17	32822
25	F	25	14	94109
18	M	18	12	20878
35	F	35	17	48219
50	M	50	14	33401
35	F	35	20	92009
25	M	25	7	30620
25	M	25	12	94131
18	F	18	3	60640
25	M	25	14	02142
25	M	25	5	78251
25	F	25	11	94117
25	M	25	14	07702
35	M	35	7	07981
18	M	18	0	92122
25	F	25	0	07701
25	M	25	17	54401
25	M	25	20	19083
45	M	45	0	02131
18	M	18	4	76266
1	M	1	4	10012
35	M	35	0	95409
25	F	25	4	73160
25	M	25	15	80301
25	F	25	14	78251
25	M	25	14	45383
25	M	25	14	94306
25	M	25	14	55421
25	M	25	20	94546
45	M	45	17	02176
35	M	35	17	49887
18	M	18	4	80302
25	M	25	6	33156
35	F	35	16	02472
35	M	35	11	10538
25	M	25	14	33133
50	M	50	0	44126
50	F	50	1	10024
25	M	25	7	10019
18	M	18	4	78626
25	M	25	0	59405
18	M	18	4	94122
50	M	50	17	08043
45	F	45	7	30260
18	M	18	4	28403
25	M	25	0	94121
18	F	18	0	98225
18	M	18	4	60611
45	M	45	17	80228
18	M	18	4	60201
25	M	25	0	74136
25	M	25	16	28542
35	M	35	7	77005
25	M	25	17	61350
25	M	25	1	28607
18	M	18	4	94608
35	M	35	5	92867
35	F	35	2	94109
25	M	25	17	28052
25	M	25	3	77006
35	M	35	7	20650
35	F	35	7	30309
18	F	18	7	80503
18	M	18	4	59715
18	M	18	7	02215
25	F	25	15	55455
18	M	18	12	80503
25	M	25	0	02472
18	M	18	4	02151
18	M	18	4	02115
18	F	18	4	02142
50	M	50	0	88004
18	M	18	17	02140
25	M	25	16	01890
18	M	18	12	30318
35	M	35	3	55042
18	M	18	4	42101
18	M	18	12	53713
18	F	18	7	11215
25	F	25	14	11215
25	M	25	0	40515
25	M	25	0	53213
18	M	18	0	97469
35	M	35	7	53404
25	F	25	0	83355
18	F	18	4	02142
35	M	35	2	62263-3004
25	M	25	0	53213
35	M	35	5	41144
45	F	45	1	97361
25	M	25	0	77058
25	F	25	11	55409
35	F	35	14	10028
25	M	25	2	55344
35	M	35	17	68506
45	M	45	18	77630
18	M	18	4	57103
1	M	1	10	97402
35	M	35	0	40504
25	F	25	4	77006
18	M	18	17	57106
25	M	25	3	02494
25	M	25	15	14803
25	M	25	17	60659
25	F	25	4	92507
35	M	35	12	92507
25	M	25	20	41706
35	M	35	16	94108
45	M	45	7	92965
35	F	35	7	60137
25	M	25	5	55447
56	F	56	0	98374
35	F	35	2	02879
35	M	35	16	61600
25	M	25	15	15203
56	M	56	7	55430
25	M	25	17	03038
18	M	18	5	48185
18	M	18	17	66044
18	M	18	4	11364
25	F	25	6	74105
35	M	35	14	63304
25	F	25	6	32812
25	M	25	2	33133
25	M	25	11	02169
25	M	25	18	53572
45	M	45	0	53818
25	M	25	14	54915
25	M	25	0	98503
18	F	18	2	48823
35	M	35	12	19050
18	M	18	4	10044
35	M	35	11	04287
1	M	1	10	48867
35	F	35	6	33314
25	M	25	18	54915
50	M	50	7	68046
56	F	56	0	00231
50	M	50	3	96714
18	M	18	0	32219
18	F	18	3	32219
18	M	18	1	57382
35	F	35	0	52405
25	F	25	9	41075
18	M	18	0	76543
35	M	35	20	60640
35	M	35	20	60640
35	M	35	3	93611
25	M	25	2	90068
45	F	45	0	80010
18	F	18	15	02115
35	M	35	6	96158
56	F	56	2	99701
25	F	25	9	53719
1	M	1	0	02322
25	M	25	0	85024
35	F	35	4	19104
25	M	25	17	55446
56	M	56	1	90210
25	M	25	16	97378
35	M	35	20	94506
35	F	35	3	95405
25	M	25	12	55443
35	F	35	7	78704
1	F	1	10	02879
18	M	18	12	60640
25	F	25	15	02445
35	M	35	17	32506
35	F	35	9	02879
25	F	25	17	48239
18	M	18	6	30064
25	M	25	2	84321
25	M	25	14	29609
25	M	25	0	37205
25	M	25	0	45458
25	M	25	17	76028
45	M	45	0	33759
35	M	35	7	49034
56	M	56	17	22657
50	M	50	16	97116
25	M	25	7	94117
18	M	18	4	33023
18	M	18	1	02446
35	M	35	11	43209
25	M	25	12	60068
18	M	18	10	48439
25	M	25	17	75075
35	F	35	1	85287
25	M	25	7	78731
50	F	50	7	10022
18	M	18	4	77005
18	M	18	4	77005
50	M	50	11	33881
35	M	35	18	60441
50	M	50	1	88001
50	M	50	1	60062
25	M	25	0	06708
25	M	25	6	94127
25	M	25	2	90038
18	M	18	4	78250
35	M	35	7	02370
25	M	25	0	92008
25	F	25	7	98188
25	M	25	17	22302
25	F	25	11	53711
35	M	35	17	97232
35	M	35	20	98106
25	M	25	7	80202
18	M	18	4	85210
25	F	25	0	94115
25	M	25	0	60611
25	M	25	14	98103
25	M	25	12	94608
18	M	18	15	96661
25	M	25	17	94901
25	F	25	7	94121
45	F	45	5	34610
18	M	18	17	95121
25	F	25	7	07090
18	M	18	4	29649
35	M	35	7	15137
35	M	35	12	08852
35	M	35	16	08753
35	F	35	9	17055
35	F	35	1	94043
25	M	25	0	95903
45	M	45	0	68144
1	F	1	10	10706
45	F	45	7	33324
25	M	25	14	60148
45	M	45	14	55123
25	M	25	4	98102
35	M	35	5	08406
25	M	25	2	10003
25	M	25	20	29205
35	M	35	7	06680
35	F	35	12	48109
25	F	25	12	06906
25	M	25	0	06880
25	M	25	4	68108
25	F	25	1	94939
25	M	25	7	29662
50	F	50	1	10706
25	M	25	2	30606
25	M	25	17	83713
25	M	25	5	55100
25	M	25	7	48070
50	F	50	1	62221
18	M	18	6	21202
25	M	25	0	80906
18	M	18	0	63116
25	M	25	7	21030
35	M	35	17	89147
25	M	25	15	94062
25	M	25	12	28227
25	M	25	2	98502
35	M	35	7	19149
25	M	25	15	68516
25	M	25	7	53202
56	F	56	3	30127
25	M	25	14	10021
35	M	35	1	92614
35	M	35	15	53095
18	M	18	12	97402
35	F	35	0	04255
45	M	45	7	30076
25	M	25	12	46725
18	F	18	0	34744
56	M	56	7	30097
25	M	25	12	89502
1	M	1	10	02818
35	M	35	0	32506
25	M	25	17	60042
25	F	25	7	22201
25	M	25	17	92111
18	M	18	5	55428
18	M	18	12	36115
35	M	35	17	94533
50	M	50	17	07728
25	M	25	1	39759
45	M	45	7	43065
25	M	25	15	94065
25	M	25	18	80538
25	M	25	14	53048
35	M	35	6	77083
18	M	18	4	32608
25	M	25	17	92882
35	M	35	7	74401
18	M	18	4	07030
18	M	18	4	20037
25	M	25	1	48911
25	M	25	17	67443
25	M	25	17	60153
18	M	18	4	02777
18	M	18	4	77840
25	M	25	0	10009
35	M	35	1	44242
25	M	25	14	37127
45	M	45	7	01904-1355
56	M	56	11	48070
18	M	18	5	55116
25	M	25	0	96818
25	M	25	0	90266
35	F	35	7	89128
25	M	25	0	60645
25	F	25	9	49442
25	M	25	5	54703
45	M	45	13	89109
18	M	18	4	02026
25	F	25	0	60664
18	F	18	4	94116
35	F	35	12	55555
18	F	18	1	86314
25	M	25	7	42518
56	M	56	7	94612
50	F	50	14	08810
18	M	18	12	53188
25	M	25	7	92612
35	F	35	5	02021
35	M	35	6	54751
50	M	50	0	55128
25	M	25	17	27613
50	M	50	6	11746
25	M	25	2	98502
25	M	25	1	06111
50	F	50	3	34744
18	F	18	1	45458
25	M	25	0	94305
25	M	25	4	86314
25	M	25	15	02446
35	F	35	3	50322
25	M	25	1	14982
35	M	35	17	06074
35	M	35	6	50265
25	M	25	0	52556
35	M	35	12	14619
25	F	25	4	50265
18	M	18	4	23112
25	M	25	0	61832
45	F	45	2	98383
1	M	1	0	46979
56	F	56	11	54401
25	F	25	0	94602
25	M	25	7	97267
25	F	25	1	98027
25	F	25	20	93401
25	F	25	0	94115
25	F	25	0	94703
18	F	18	0	94587
25	F	25	0	94110
25	F	25	17	94618
50	M	50	18	60516
25	M	25	6	68108
18	M	18	4	21093
18	F	18	4	53211
18	F	18	4	91405
45	M	45	14	02021
25	M	25	7	02420
25	M	25	7	48326
18	M	18	0	17844
18	M	18	1	45458
18	M	18	12	36115
18	M	18	0	94520
35	F	35	9	19006
25	M	25	6	06511
35	F	35	1	89031
18	M	18	4	55104
35	F	35	19	32095
25	M	25	7	60010
35	M	35	6	20650
50	M	50	7	20016
25	M	25	15	98103
35	M	35	17	78749
35	M	35	7	80910
25	M	25	15	98102
25	M	25	17	53406
25	F	25	3	90020
35	M	35	3	20122
45	M	45	17	32837
25	M	25	12	36115
25	M	25	17	90804
25	M	25	20	44313
45	M	45	20	98027
56	M	56	7	93711
25	M	25	17	32308
18	M	18	1	06279
25	M	25	1	48105
50	M	50	2	87020
25	M	25	20	92101
25	F	25	1	22307
18	M	18	4	60630
18	F	18	6	84780
25	F	25	7	43214
25	M	25	1	68516
18	M	18	2	02322
25	M	25	7	40515
50	F	50	8	84770
25	M	25	17	28804
25	F	25	14	10033
50	M	50	14	02651
25	F	25	0	02176
45	M	45	18	26101
35	F	35	16	92054
1	F	1	10	32043
18	M	18	4	73071
25	M	25	12	94065
35	M	35	0	33884
25	M	25	7	12801
25	M	25	15	70809-2612
35	M	35	0	14086
18	M	18	3	92278
25	M	25	12	60657
50	M	50	16	60302
25	M	25	14	92614
25	M	25	14	30340
25	M	25	17	20886
35	F	35	20	93449
18	M	18	14	08822
45	F	45	9	63119
25	M	25	0	89145
45	M	45	17	44129
18	M	18	4	12604
25	M	25	17	10025
25	M	25	0	94558
50	M	50	20	29630
1	F	1	10	95864
45	M	45	14	63130
35	M	35	3	45215
18	M	18	12	73112
18	M	18	17	63544
25	M	25	17	95050
18	M	18	4	64468
25	M	25	1	14613
45	F	45	2	94558
25	M	25	7	92103
25	M	25	0	66605
25	M	25	0	11235
45	M	45	1	33705
35	M	35	16	22124
25	M	25	3	83687
25	M	25	7	54942
18	M	18	2	44515
56	M	56	14	55337
50	M	50	16	78411
18	M	18	4	78759
25	M	25	12	92728
35	M	35	7	95008
18	M	18	4	80513
45	M	45	17	02067
45	M	45	6	66203
18	M	18	4	33143
56	F	56	16	90039
25	M	25	20	91505
25	M	25	6	79401
35	M	35	16	02139
35	F	35	0	20723
35	M	35	0	60914
56	M	56	17	92069
45	M	45	11	01772
25	M	25	17	02135
25	F	25	14	55343
18	M	18	14	85282
25	M	25	5	46239
25	M	25	0	02542
1	M	1	10	48445
25	M	25	17	361069
50	M	50	17	54409
18	F	18	14	22201
25	M	25	0	10021
18	M	18	17	19104
25	M	25	20	91505
18	M	18	0	92037
25	M	25	4	19104
18	M	18	17	40207
35	M	35	4	84123
35	F	35	3	71111
25	M	25	4	02134
35	F	35	9	60618
25	M	25	18	30189
45	M	45	0	73702
35	M	35	17	63126
25	M	25	14	95820
18	M	18	4	53211
35	M	35	2	92115
50	M	50	12	90254
25	M	25	12	77042
25	M	25	2	94404
25	F	25	16	67846
25	M	25	0	55812
25	M	25	5	80227
56	M	56	3	52240
25	M	25	5	92117
25	M	25	7	49221
35	F	35	6	48073
25	M	25	0	44512
35	M	35	18	72118
35	F	35	12	01464
56	M	56	2	92020
25	M	25	2	92711-0571
45	M	45	7	91405
35	M	35	20	32708
45	M	45	17	40031
18	M	18	4	49855
35	F	35	7	98074
35	F	35	16	80401
45	F	45	1	96778
25	F	25	12	22207
25	M	25	0	90019
45	F	45	12	61554
45	M	45	0	44266
25	M	25	4	60056
18	F	18	4	60014
45	F	45	1	12449
25	M	25	12	55117
18	M	18	4	32601
35	M	35	0	12831
25	M	25	0	94930-2010
35	M	35	11	40242
45	M	45	7	46112
45	F	45	1	03768
35	F	35	14	55014
25	M	25	1	45230
56	F	56	0	98115
50	M	50	20	30030
56	M	56	16	66502
18	M	18	11	65202
25	M	25	0	30096
18	F	18	2	13603
25	M	25	2	02903
56	M	56	7	12345
25	F	25	2	02903
18	F	18	4	80228
25	F	25	6	23229
25	M	25	7	60614
35	M	35	0	30741
25	F	25	5	43229
25	F	25	0	44107
35	M	35	14	22180
35	M	35	13	78252
50	F	50	9	59072
25	M	25	4	66762
45	F	45	0	97701
56	M	56	13	95929
25	M	25	0	30606
25	M	25	7	75089
45	M	45	16	01880
25	M	25	7	33324
18	F	18	4	01742
25	F	25	14	60647
50	M	50	12	30030
25	M	25	16	17350
25	M	25	7	33309
25	M	25	4	32653
25	M	25	0	22015
50	M	50	7	43081
35	M	35	17	22810
18	M	18	14	32825
35	M	35	17	45255
45	M	45	0	74354
35	M	35	17	30701
35	M	35	7	08876
25	F	25	1	01860
45	M	45	16	20880
56	M	56	13	46143
50	M	50	0	21050
35	M	35	7	12110
1	M	1	7	48038
35	M	35	12	88005
18	M	18	1	92802
18	M	18	7	44039
25	M	25	14	94533
25	M	25	17	85210
18	M	18	4	49503-1313
25	M	25	1	77803
25	M	25	0	48316-5601
45	F	45	3	75605
50	M	50	0	33901
25	M	25	14	17972
45	F	45	20	75214
35	M	35	17	54601
25	M	25	6	77034
50	M	50	20	95236
35	M	35	14	53403
35	F	35	9	32404
25	M	25	5	45011
56	F	56	6	77018
25	M	25	7	68164
25	F	25	7	12533
25	M	25	4	02140
56	F	56	3	21114
35	M	35	7	89128
25	M	25	0	42445
25	M	25	12	56301
25	M	25	6	43551
25	M	25	0	21113
18	M	18	4	45251
25	M	25	1	46530
50	M	50	16	80206
50	M	50	6	11510-2001
25	M	25	16	97401
25	M	25	20	75006
18	M	18	3	48005
35	M	35	15	94002
25	F	25	15	94002
35	F	35	3	95826
56	M	56	13	40511
45	M	45	17	53545
18	M	18	4	30606
35	F	35	1	89431
45	M	45	11	33133
35	M	35	6	60061
18	M	18	14	01604
25	M	25	2	43551
25	M	25	18	36264
35	M	35	3	68122
50	M	50	0	98826
1	M	1	10	28270
35	M	35	6	18249
25	M	25	6	73118
25	M	25	14	80232
25	M	25	18	55412
50	M	50	6	32726
25	M	25	7	60559
35	F	35	1	29070
45	M	45	0	20851
45	F	45	5	48341
25	M	25	0	19010
45	M	45	20	91607
56	M	56	3	89185
35	M	35	15	19406
25	M	25	15	93107
25	M	25	17	33823
50	M	50	6	93111
25	M	25	6	70003
35	M	35	6	78746
25	M	25	16	47901
25	M	25	17	55344
35	F	35	2	22030
25	M	25	15	28226
35	M	35	17	26505
35	M	35	1	48912
18	M	18	12	19403
25	M	25	20	79912
56	M	56	14	92630
56	M	56	13	14215
25	F	25	6	79416
1	F	1	10	55391
1	M	1	4	63376
25	M	25	3	77057
25	M	25	7	79416
56	M	56	6	77379
25	M	25	17	55410
25	F	25	0	19063
25	M	25	4	70806
25	M	25	17	49017
25	M	25	0	10013
25	M	25	15	60004
25	M	25	7	63366
35	M	35	7	53150
35	M	35	17	94954
56	M	56	6	77096
18	M	18	4	23233
1	M	1	10	48655
18	M	18	16	11211
18	M	18	16	42141
50	M	50	7	34243
25	M	25	16	95437
25	F	25	0	23221
35	M	35	17	77536
35	M	35	3	97202
45	F	45	7	41722
25	M	25	15	32603
45	M	45	18	47129
35	M	35	17	58503
35	M	35	14	48187
25	M	25	15	99353
35	M	35	7	07040
18	M	18	4	43551
25	M	25	3	91221
50	M	50	1	39401
25	M	25	16	71118
45	M	45	7	08876
18	M	18	19	82070
25	F	25	4	46807
25	M	25	18	62330-1408
35	M	35	2	13676
25	M	25	17	53188
50	M	50	17	16803
35	M	35	6	60025
56	M	56	11	12144
35	M	35	6	48439
45	M	45	7	97720
25	M	25	17	80112
45	M	45	4	77009
45	F	45	12	85283
1	M	1	10	46321
50	M	50	16	60056
25	M	25	7	91941
25	M	25	7	91423
56	M	56	14	40207
25	M	25	0	32112
35	M	35	17	95014
56	M	56	7	01040
25	F	25	5	60441
18	M	18	4	02451
50	F	50	1	78681
35	M	35	17	44301
50	F	50	7	02889
35	F	35	7	55021
35	M	35	1	32792
25	M	25	0	29672
45	M	45	20	43201
25	M	25	14	74114
50	M	50	17	16801
25	M	25	1	29440
50	M	50	17	85712
56	M	56	20	95123
50	M	50	18	97321
1	F	1	10	90039
50	F	50	9	01450
35	M	35	20	10027
45	M	45	0	90404
25	F	25	14	23221
56	M	56	7	08901
35	M	35	1	50677
25	F	25	14	94114
25	F	25	7	75240
25	M	25	20	22032
45	F	45	6	37766
50	M	50	0	66048
45	M	45	7	53713
56	M	56	16	79705
35	M	35	7	19901
18	F	18	11	29063
35	F	35	3	20110
35	M	35	0	66204
45	M	45	7	19008
35	M	35	17	90680
50	F	50	16	08033
35	F	35	20	94949
56	M	56	13	13502
25	F	25	7	33177
25	M	25	18	80903
25	M	25	1	91730
50	M	50	7	32114
25	M	25	14	90274
25	M	25	7	33308
56	F	56	20	63026
50	M	50	7	74137
35	M	35	14	91364
45	M	45	17	89108
45	F	45	15	55446
35	M	35	17	77521
56	M	56	13	93907
18	M	18	4	60637
56	F	56	13	95050
35	M	35	14	14221
45	F	45	1	18042
18	M	18	4	80631
25	F	25	9	32712
45	M	45	7	10543
25	F	25	0	65550
25	M	25	7	21234
25	M	25	18	58270
35	M	35	7	06905
25	F	25	15	87801
35	F	35	1	22947
35	M	35	1	90731
35	F	35	0	90403
56	M	56	0	37363
25	M	25	17	85710
45	M	45	5	77662
56	M	56	18	56716
35	M	35	7	63125
25	F	25	0	20121
25	M	25	7	77006
25	M	25	17	01752
18	M	18	4	18042
50	M	50	17	23233
35	M	35	17	95125
35	M	35	0	97225
35	M	35	4	53818
45	F	45	17	55976
35	F	35	17	60148
45	F	45	1	48198
25	F	25	3	48197
35	F	35	6	76021
25	M	25	19	11414-2520
50	M	50	18	20706
35	M	35	17	94010
56	M	56	13	34235
50	F	50	18	20706
35	F	35	20	75287
35	M	35	4	37917
45	F	45	3	48130
50	M	50	2	90029
25	F	25	3	07960
25	M	25	14	77450
35	M	35	16	44691
50	M	50	7	52402
35	M	35	17	55330
35	M	35	7	11767
50	M	50	7	78704
56	M	56	7	32137
35	M	35	17	48146
50	M	50	12	44286
35	F	35	7	48034
25	M	25	4	82601
25	M	25	4	26508
18	F	18	17	65203
50	F	50	0	33313
45	M	45	7	60139
35	F	35	3	28262
45	M	45	11	03301
25	M	25	17	38654
50	M	50	12	13041
1	F	1	2	78945
50	M	50	16	38122
25	M	25	17	19711
35	M	35	17	45380
25	M	25	16	59079
35	F	35	6	07950
35	F	35	6	06512
25	M	25	7	40205
45	M	45	1	60102
25	M	25	12	03060
56	M	56	13	78681
35	M	35	7	02171
45	F	45	20	04046
35	M	35	18	27603
45	M	45	7	13211
35	M	35	7	83405
45	M	45	17	37923
45	M	45	13	30030
45	F	45	1	04258
45	F	45	16	14468
45	F	45	0	96821
35	M	35	16	98133
45	F	45	7	09094
25	M	25	16	43215
35	M	35	17	27587
56	M	56	13	92120
35	M	35	0	15801
25	F	25	9	98632
50	M	50	7	40601
35	M	35	0	62704
35	M	35	17	11554
25	M	25	7	35244
25	F	25	9	46580
35	M	35	14	32068
25	M	25	17	98661
35	M	35	14	98125
25	M	25	0	98178
45	F	45	9	55391
1	M	1	10	75633
18	M	18	18	90605
56	M	56	6	33030
45	M	45	15	55391
18	F	18	14	85705
25	F	25	2	43617
18	F	18	4	98125
35	M	35	11	38135
50	M	50	1	45385
25	M	25	2	91910
18	M	18	0	46250
45	F	45	17	27616
45	M	45	7	67301
25	M	25	0	94122
25	M	25	0	33702
25	M	25	0	36301
25	M	25	4	57006
50	M	50	13	68502
25	M	25	18	78757
25	F	25	7	07067
25	M	25	17	79925
18	M	18	4	44266
25	M	25	6	75080
35	F	35	14	60202
25	M	25	5	02891
35	M	35	7	44125
25	M	25	5	89114
45	M	45	7	80525
50	F	50	6	75605
18	M	18	4	82072
25	M	25	5	60010
25	M	25	0	30082
45	F	45	13	94931
35	M	35	17	37221
50	M	50	3	75650
25	F	25	14	78232
45	F	45	6	85719
35	M	35	6	45011
25	F	25	3	60606
50	M	50	2	33134
25	M	25	1	70458
35	M	35	0	74011
25	F	25	0	40241
18	M	18	20	76135
18	F	18	5	46222
25	M	25	2	78748
25	F	25	17	76021
35	M	35	17	33433
25	M	25	0	66614
25	M	25	12	75007
25	M	25	1	44240
25	F	25	14	44304
18	M	18	17	45701
18	F	18	20	77304
45	M	45	0	30189
18	M	18	2	95843
18	M	18	2	29118
25	M	25	12	37919
18	M	18	4	11010
25	M	25	7	11215
35	M	35	14	78611
50	M	50	14	08028
35	M	35	16	85730
35	F	35	9	83616
35	M	35	17	04457
18	M	18	4	33168
25	F	25	9	98001
35	M	35	15	83616
25	M	25	17	85016
35	M	35	14	91602
25	M	25	18	98001
50	F	50	16	46350
18	M	18	15	02215
35	M	35	0	52057
18	M	18	17	22043
50	M	50	7	30306
25	M	25	16	07701
18	F	18	4	63109
35	M	35	17	75010
50	M	50	12	32920
18	M	18	4	43201
25	F	25	5	40241
25	F	25	5	27203
25	M	25	0	32444
18	M	18	17	06040
25	M	25	4	27278
25	F	25	1	37153
25	M	25	4	65804
25	M	25	18	14620
18	F	18	4	93940
25	M	25	0	43623
25	M	25	4	93940
25	M	25	5	74055
18	F	18	4	63109
45	M	45	3	75074
25	M	25	4	48072
25	M	25	0	11201
18	F	18	4	43402
18	M	18	4	43402
18	M	18	4	43402
25	M	25	4	43402
50	M	50	6	43402
18	M	18	1	44221
18	M	18	4	43402
18	F	18	4	43612
18	F	18	4	43403
18	F	18	4	43402
18	M	18	4	10027
18	F	18	14	43614
25	M	25	15	90066
25	M	25	1	57106
25	M	25	14	98103
25	M	25	16	80013
18	M	18	4	02143
45	F	45	2	19033
25	M	25	14	65023
18	M	18	19	40475
18	M	18	4	92122
18	M	18	4	16802
1	M	1	13	37130
25	M	25	4	40504
18	M	18	0	02215
18	M	18	4	02134
25	M	25	15	02135
50	F	50	0	02139
45	F	45	12	15801
25	M	25	15	92557
45	M	45	0	90024
25	M	25	5	10463
18	M	18	4	52241
25	M	25	7	94109
35	M	35	7	98607
45	M	45	17	93401
18	M	18	0	51104
25	M	25	14	46940
25	M	25	5	85705
25	F	25	0	94403
1	M	1	14	80401
25	M	25	12	21045
25	M	25	0	43081
35	F	35	7	60201
25	M	25	7	76904
25	M	25	12	19067
35	F	35	5	47129
50	M	50	0	11947
35	M	35	6	37664
35	M	35	1	81005
18	M	18	4	98105
50	M	50	15	94303
56	M	56	2	91321
25	F	25	12	80126
25	M	25	3	19806
18	M	18	18	60435
45	M	45	5	32953
25	M	25	14	06880
25	M	25	12	27513
25	M	25	15	60611
25	M	25	14	30101
25	F	25	7	78666
35	M	35	0	95667
25	M	25	20	111225
35	M	35	7	27511
35	F	35	2	49770
35	M	35	14	95492
25	F	25	4	15701-2017
25	M	25	1	28027
25	M	25	14	70005
25	M	25	20	81101
25	F	25	0	60156
50	M	50	7	07405
50	F	50	1	62052
18	M	18	4	02148
35	M	35	11	10022
50	F	50	6	15333
35	F	35	7	75601
45	F	45	12	92037
35	M	35	12	15089
25	M	25	6	94108
45	F	45	16	14424
35	M	35	1	94121
35	M	35	7	28805
18	M	18	4	10020
45	M	45	1	50588
25	M	25	7	98908
1	M	1	12	02138
50	M	50	13	33015
25	M	25	0	94403
25	M	25	18	26104
35	F	35	1	94044
25	F	25	6	72703
25	F	25	17	94613
25	M	25	4	64112
35	M	35	8	98674
25	M	25	7	01850
35	M	35	7	72703
18	M	18	4	78613
35	M	35	5	70123
18	M	18	4	52405
56	M	56	13	45322-3132
1	F	1	10	10025
45	M	45	0	33460
18	M	18	4	22906
45	M	45	2	06513
50	M	50	0	29678
50	M	50	7	76054
25	M	25	6	62702
50	M	50	7	76054
25	M	25	17	94118
50	M	50	0	01379
56	M	56	1	85374
25	F	25	0	65775
50	M	50	7	39648
50	M	50	16	29464
18	M	18	4	61820
25	M	25	20	15701
25	M	25	7	38261
45	M	45	7	92503
35	M	35	7	62234
25	M	25	1	16508
56	M	56	0	61704
18	M	18	3	48604
56	M	56	13	29449
18	M	18	4	53142
18	F	18	1	48067
25	M	25	0	80903
50	M	50	7	38135
25	M	25	4	45810
35	M	35	12	15202
45	M	45	1	81004
18	M	18	2	55304
25	M	25	2	55113
25	M	25	14	10021
25	M	25	20	10012
18	M	18	0	38111
25	M	25	14	27605
35	M	35	6	84102
35	F	35	1	92103
18	M	18	4	85701
25	M	25	7	10025
25	M	25	12	53045
18	M	18	4	72202
18	M	18	19	17517
18	M	18	12	53715
45	F	45	1	01379
25	M	25	12	0956456
35	M	35	19	01054
25	F	25	14	94301
1	M	1	10	55427
35	M	35	0	94610
25	M	25	2	11105
56	M	56	1	53705
25	M	25	16	47274
25	M	25	7	49686
18	M	18	12	02115
18	M	18	2	27514
1	F	1	10	99016
18	M	18	16	24541
18	M	18	12	60622
25	M	25	0	22306
35	F	35	16	48237
25	F	25	9	48306
18	F	18	9	73008
45	M	45	16	55011
25	M	25	14	02134
35	M	35	14	48217
25	M	25	7	05346
25	M	25	0	69301
25	F	25	9	84037
35	M	35	10	94133
25	F	25	6	22903
35	M	35	12	19107
35	M	35	14	94085
35	M	35	17	19473
18	M	18	4	98105
25	F	25	4	90034
25	M	25	0	21532
45	M	45	17	60185
35	M	35	7	21013
1	F	1	10	17036
50	M	50	16	11963
25	M	25	4	60614
1	F	1	10	03608
25	F	25	7	48237
35	M	35	7	48306
25	M	25	0	02134
18	F	18	4	63332
56	F	56	13	97113
25	M	25	1	19103
25	F	25	0	55408
50	M	50	1	48371
45	F	45	0	11372
35	M	35	7	30324
25	M	25	4	01604
35	M	35	14	07920
25	F	25	4	48042
25	M	25	17	02139
18	F	18	20	55104
25	M	25	15	02143
18	M	18	4	66044
45	F	45	1	43202
35	M	35	16	55303
25	M	25	18	97034
18	F	18	4	94611
25	F	25	4	22207
35	F	35	3	48237
35	F	35	0	04287
25	M	25	0	46240
35	M	35	14	55415
35	M	35	7	10021
35	F	35	2	33619
25	M	25	15	10461
25	M	25	15	92656
1	F	1	10	90291
25	M	25	0	27403
25	F	25	0	02144
25	F	25	4	53951
25	F	25	4	53951
18	F	18	4	78705
18	F	18	4	94702
25	M	25	12	41042
45	F	45	1	10469
25	M	25	17	61615
25	M	25	20	11717
25	F	25	6	55433
25	M	25	14	97202
25	F	25	1	97225
18	F	18	17	94606
25	M	25	4	94305
25	M	25	12	55433
25	M	25	16	22207
25	M	25	12	84062
25	M	25	7	92691
25	M	25	14	97219
56	M	56	1	45224
56	F	56	6	23225
18	F	18	4	94309
25	F	25	4	94610
18	M	18	4	94111
25	M	25	0	98040
1	M	1	0	48302
50	M	50	20	98119
18	M	18	4	94703
18	M	18	2	10010
35	F	35	9	48302
25	M	25	4	55417
35	M	35	11	20895
25	M	25	4	55417
25	M	25	7	20016
25	M	25	0	44691
25	M	25	0	98115
50	M	50	1	19481
50	F	50	6	48094
25	F	25	6	90405
35	M	35	20	80222
18	M	18	4	73071
56	M	56	13	10025
25	M	25	7	30041
45	F	45	0	10036
25	F	25	7	94115
35	M	35	12	95051
35	M	35	20	94574
25	F	25	1	92037
25	M	25	17	94041
45	M	45	14	55416
25	M	25	4	99163
25	F	25	14	37076
18	F	18	4	06074
45	M	45	15	85255
18	F	18	4	84109
25	M	25	4	92037
45	F	45	7	77006
35	M	35	2	03431
35	M	35	1	53704
25	M	25	14	94117
35	M	35	14	74012
35	M	35	7	19004
35	M	35	5	91343
25	M	25	12	94043
56	M	56	13	94306
35	M	35	16	94705
35	F	35	7	08318
18	F	18	4	27514
45	M	45	14	46038
50	M	50	6	05055
35	M	35	2	90292
56	M	56	13	76051
35	M	35	0	04473
35	F	35	15	06119
25	M	25	7	05346
25	M	25	0	22101
25	F	25	0	04473
35	M	35	1	55454
18	M	18	1	50201
35	M	35	14	01746
25	M	25	9	44310
18	M	18	12	02215
1	F	1	10	79605
45	F	45	17	55419
25	F	25	7	78703
18	M	18	1	60626
56	M	56	7	40505
18	M	18	18	56002
18	M	18	12	10027
18	M	18	10	79605
25	F	25	6	55417
18	F	18	0	91765
18	F	18	4	48109
45	M	45	17	18036
25	M	25	11	13031
25	M	25	7	02035
18	M	18	20	02601
18	F	18	0	75115
25	M	25	14	68502
1	M	1	0	92804
25	M	25	0	60647
45	M	45	0	06804
35	F	35	16	24450
25	M	25	17	32250
35	M	35	17	03824
25	M	25	17	90245
50	M	50	1	55405
25	M	25	2	97205
25	F	25	16	02465
45	M	45	17	48310
35	M	35	7	03885
35	F	35	9	02816
25	M	25	2	90035
35	M	35	11	95405
35	M	35	12	55122
35	M	35	7	90014-1718
56	F	56	6	01852
35	M	35	5	96707-1321
35	F	35	16	95828
56	F	56	0	98801
25	M	25	19	31401
50	M	50	16	55347
50	M	50	11	04102
25	M	25	17	98033
25	M	25	14	24450
18	M	18	18	52301
50	M	50	1	93105
45	M	45	3	50312
18	M	18	20	91505
35	M	35	16	19003
56	M	56	1	23608
25	M	25	3	32580
25	F	25	3	38134
35	M	35	7	15203
25	M	25	3	94118
56	M	56	13	63122
50	M	50	15	12740
18	F	18	4	06268
50	M	50	1	19087-3622
18	M	18	4	26201
45	M	45	16	60302
45	M	45	0	23462
25	F	25	0	91107
50	M	50	15	02474
18	F	18	4	94121
56	M	56	1	03825
18	F	18	0	91107
56	F	56	7	93060
56	M	56	16	55901
35	M	35	17	23451
56	F	56	13	03261
50	F	50	0	04259
35	M	35	17	06110
18	M	18	15	21042
25	F	25	14	94110
56	M	56	11	04259
1	M	1	10	03608
35	F	35	16	03301
35	M	35	16	10014
35	F	35	9	03769
25	M	25	4	22030
25	M	25	1	02571
35	F	35	7	10012
25	F	25	4	04101
56	M	56	17	03801
45	M	45	1	22314
45	M	45	14	07458
25	M	25	17	23462
25	F	25	3	46227
25	M	25	2	46142
25	M	25	0	46227
45	M	45	3	04011
25	M	25	12	94114
50	F	50	6	04086
45	M	45	1	78212
25	M	25	0	60618
35	F	35	6	48105
25	F	25	14	55104
45	M	45	6	22630
1	M	1	11	94610
35	M	35	7	85331
35	M	35	2	55104
25	F	25	2	94133
18	M	18	4	55116
50	F	50	7	94123
25	F	25	6	48108
35	F	35	0	46142
45	M	45	16	10962
35	M	35	7	98103
35	F	35	17	84067
25	M	25	1	19335
18	F	18	4	02809
18	M	18	4	80521
25	M	25	4	30349
56	M	56	1	40601
25	F	25	16	45750
35	F	35	1	44107
35	M	35	1	45750
25	M	25	17	90031
1	M	1	2	04101
35	M	35	0	96707-1321
50	F	50	4	20902
18	M	18	12	80526
35	M	35	1	01773
18	M	18	14	25301
35	F	35	9	46077
18	M	18	14	80526
50	F	50	18	04849
45	F	45	6	04240
25	M	25	1	20912
25	F	25	17	91007
35	M	35	18	17350
50	M	50	11	04210
18	M	18	19	75080
35	F	35	0	01545
18	M	18	4	46219
25	M	25	7	55411
25	M	25	17	94602
45	M	45	12	55436
35	M	35	0	13045
18	F	18	20	60194
25	M	25	0	20008
1	M	1	10	55317
25	F	25	1	04210
25	M	25	14	17857
35	M	35	16	81321
45	F	45	9	03862
25	M	25	20	14450
45	F	45	16	04074
25	M	25	5	46254
45	M	45	1	48309
50	F	50	6	95014
45	F	45	6	63135
25	M	25	12	94114
35	F	35	1	23062
56	M	56	1	04032
45	M	45	7	03840
25	F	25	1	55413
25	F	25	2	90066
25	M	25	12	94131
35	F	35	6	54971
18	F	18	4	44515
45	F	45	3	44555
18	M	18	17	44406
35	M	35	0	42025
25	M	25	7	55346
50	F	50	13	03851
25	M	25	12	90034
25	M	25	7	94110
25	M	25	14	23434
25	M	25	1	04086
18	F	18	14	50401
25	M	25	2	60640
25	M	25	4	04309
25	M	25	0	94086
25	F	25	9	84037
18	M	18	20	63132
35	F	35	14	02130
56	M	56	12	04085
25	M	25	16	04101
35	M	35	17	03820
45	F	45	6	04578
35	F	35	3	04108
18	M	18	12	04096
45	M	45	1	03909
56	M	56	11	13760
25	F	25	4	70808
35	M	35	0	97403
35	F	35	17	98201
25	M	25	4	94703
50	M	50	4	94070
25	M	25	3	60626
45	F	45	9	95030
45	M	45	16	55406
45	M	45	11	03301
1	F	1	10	02906
35	M	35	14	90266
56	M	56	1	23513
35	F	35	17	92509
18	M	18	2	19072
56	F	56	0	08055
18	M	18	4	63108
25	F	25	1	79928
35	M	35	17	94132
25	M	25	12	55405
25	M	25	17	48092
35	M	35	7	14607
25	F	25	3	52001
35	M	35	6	84103
35	M	35	16	16844
25	M	25	1	27713
25	M	25	12	94402
25	M	25	20	33626
25	M	25	7	11228
35	M	35	14	84057
35	M	35	12	95952
50	M	50	15	63121
45	F	45	1	60417
50	M	50	17	49506
50	F	50	7	55082
35	M	35	15	85282
35	F	35	12	94014
18	M	18	12	84041
25	F	25	0	55421
50	F	50	20	98115
25	F	25	1	970025
25	F	25	1	02453
25	M	25	12	91423
18	M	18	20	85054
45	M	45	0	27312
18	F	18	12	84107
18	M	18	0	84058
35	M	35	1	02144
25	F	25	15	92507
18	M	18	17	98121
45	M	45	18	99826
35	F	35	0	99801
35	F	35	6	55401
1	M	1	10	55616
45	M	45	0	97520
25	F	25	3	92103
45	M	45	1	63105
50	M	50	17	63033
50	M	50	17	90031
25	M	25	7	63303
25	M	25	15	94040
25	F	25	0	55108
35	M	35	17	62958
18	F	18	4	63144
35	M	35	0	02108
18	F	18	4	55406
25	M	25	7	63105
50	F	50	11	94102
56	M	56	20	44281
45	M	45	12	40515
50	F	50	0	55401
50	M	50	17	14568
50	M	50	0	62234
35	F	35	1	91106
35	M	35	17	90035
45	M	45	2	94618
18	M	18	4	55104
25	M	25	16	55421
35	F	35	17	90291
25	F	25	14	48067
35	M	35	12	55082
45	M	45	0	92679
56	M	56	13	55804
35	M	35	15	77007
25	M	25	2	48197
18	M	18	7	55403
25	M	25	17	23454
56	M	56	1	55116
25	M	25	7	46220
25	M	25	6	55439
45	M	45	17	94931
35	M	35	0	94110
1	M	1	10	63123-1507
50	M	50	14	55407
18	M	18	4	94708
50	F	50	20	95404
18	M	18	19	94111
25	F	25	12	94526
35	M	35	7	94086
35	M	35	0	95118
56	F	56	2	949702
35	M	35	20	94131
35	M	35	0	90065
25	M	25	11	65775
25	M	25	4	92507
35	M	35	14	68108
35	M	35	2	55423
25	M	25	1	55403
50	M	50	1	55406
25	M	25	12	63043
45	F	45	16	55116
35	M	35	0	55405
35	M	35	0	29063
18	M	18	12	55401
56	F	56	8	90210
25	M	25	17	55105
25	M	25	0	55121
25	F	25	4	55407
56	F	56	14	91791
25	F	25	2	55106
45	M	45	17	54022
45	M	45	17	56001
50	M	50	20	55419
35	M	35	7	94550
1	M	1	10	90210
18	F	18	4	48433
56	F	56	13	92407
25	M	25	4	46254
25	F	25	2	63119
25	M	25	17	90505
35	M	35	12	49508
56	F	56	1	90402
45	M	45	16	92807
35	M	35	3	48827
18	F	18	4	91030
25	M	25	20	60615
45	F	45	16	65441
45	M	45	15	63119
18	M	18	4	64154
50	M	50	15	48103
18	M	18	4	26241
45	M	45	0	92626
35	M	35	6	92672
35	F	35	1	89447
35	M	35	12	91104
56	F	56	12	90290
25	M	25	7	10025
56	F	56	13	90241
50	M	50	6	90504
35	M	35	7	91001
35	M	35	20	91505
45	F	45	1	14618
25	M	25	20	60615
25	M	25	17	92584
25	F	25	14	05345
25	M	25	12	92404
25	M	25	4	70115
18	M	18	1	70006
25	F	25	4	89431
18	M	18	17	02139
56	F	56	13	60506
25	F	25	15	62901
25	F	25	17	19810
35	M	35	7	14850
35	M	35	12	11375
25	M	25	20	10010
35	F	35	4	97068
45	M	45	12	44312
45	F	45	6	60031
18	F	18	2	55408
18	F	18	6	92145
35	F	35	6	23507
35	M	35	0	43081
25	M	25	16	60614
45	M	45	6	23452
35	F	35	7	30350
25	M	25	12	60613
18	F	18	4	11024
50	F	50	7	11771
35	M	35	16	02536
25	M	25	4	84111
35	M	35	2	20818
35	F	35	16	97330
45	M	45	1	16673
50	M	50	7	84093
56	M	56	17	84121
45	M	45	16	22652
45	M	45	17	84109-2001
18	F	18	19	05070
50	M	50	16	65401
1	F	1	10	22801
18	M	18	4	43215
25	M	25	14	28715
25	F	25	1	23603
56	M	56	13	97520
35	M	35	7	19004
56	F	56	0	95062
25	M	25	2	55344
25	F	25	7	75093
45	M	45	17	97330
56	M	56	2	93950
1	M	1	0	20132
50	M	50	6	97470
25	M	25	3	19147
25	M	25	2	20037
45	M	45	7	19067
25	M	25	4	70003
50	F	50	12	95472
18	F	18	4	19102
35	M	35	1	23185
25	M	25	4	16803
18	M	18	4	10013
56	M	56	17	75225
25	M	25	1	23462
25	F	25	6	19102
25	M	25	17	38111
35	F	35	16	77027
35	F	35	19	75069
25	M	25	17	19810
56	M	56	14	18954
50	M	50	7	19047
18	M	18	10	67206
35	F	35	1	23508
25	M	25	11	75206
56	M	56	16	19131
50	M	50	7	19380
18	M	18	0	02780
50	M	50	6	193122042
25	M	25	0	90069
25	M	25	12	90240
35	F	35	16	78222
35	M	35	20	19108
50	M	50	7	18977
35	F	35	1	19348
45	F	45	0	08081
25	F	25	9	93940
45	F	45	6	19802
35	M	35	15	78250
35	M	35	2	78006
35	M	35	13	89128
25	M	25	0	55408
1	F	1	10	22932
56	M	56	12	02143
35	M	35	6	95521
25	F	25	0	70118
1	M	1	10	95123
25	F	25	0	10011
50	M	50	7	80302
25	M	25	7	91608
25	M	25	0	20009
50	M	50	12	34761
35	M	35	2	20818
45	M	45	0	10016
25	M	25	11	02453
45	M	45	5	98502
50	M	50	7	94709
45	M	45	17	40515
50	F	50	1	33149
25	F	25	1	77707
35	M	35	7	77565
18	M	18	11	10028
25	M	25	17	95014
35	M	35	7	64055
25	M	25	12	91106
18	M	18	18	65265
25	M	25	17	35205
50	M	50	16	12866
25	M	25	6	35205
18	M	18	17	55423
25	M	25	1	92101
18	M	18	4	44502
50	F	50	0	66762
35	M	35	7	77565-2332
56	M	56	1	04240
18	M	18	0	48314
25	M	25	20	98101
35	M	35	1	10012
25	M	25	3	98034
18	M	18	19	30662
25	F	25	4	44406
25	M	25	7	60046
25	M	25	16	20007
25	M	25	16	33301
18	M	18	14	10024
35	M	35	1	74012
18	F	18	4	44509
35	M	35	7	37027
18	F	18	4	90066
25	M	25	4	30052
25	M	25	17	94043
45	M	45	6	53216
35	F	35	17	91107
35	M	35	6	91103
50	M	50	6	42420
18	M	18	15	06114
35	M	35	7	01720
50	F	50	4	53562
18	M	18	4	63141
56	M	56	17	92009
35	F	35	11	05602
1	M	1	10	60423
45	M	45	1	45208
35	F	35	9	33445
1	M	1	10	60423
45	M	45	14	30005
50	M	50	0	45420
25	M	25	12	94110
35	M	35	11	85044
25	M	25	7	19003
35	F	35	7	55441
18	F	18	20	45202
18	M	18	20	67212
35	F	35	4	44485
35	M	35	12	96555
18	M	18	16	06510
35	F	35	9	44406
45	F	45	7	80304
35	F	35	0	85024
25	F	25	4	55455
25	M	25	7	80303
35	M	35	12	14619
25	M	25	7	55409
35	M	35	7	80304
56	M	56	7	20814
56	F	56	3	75001
18	F	18	4	55118
25	F	25	1	35243
35	F	35	15	43065
50	M	50	7	95376
18	M	18	4	02871
45	F	45	6	01545
50	M	50	13	56342
25	M	25	1	02908
35	M	35	7	91302
25	M	25	0	98102
25	M	25	4	55455
50	M	50	1	46077
35	F	35	17	60618
25	M	25	1	40214
18	M	18	2	90025
18	M	18	0	31211
35	F	35	9	07452
56	F	56	6	91941
18	M	18	2	81291
25	M	25	17	01060
18	M	18	0	89129
18	M	18	4	94706
25	M	25	7	91436
56	F	56	1	96734
25	M	25	12	94501
56	M	56	10	11361
35	M	35	1	10016
18	M	18	4	55120
35	M	35	0	98122
18	M	18	10	64050
1	M	1	0	75070
25	M	25	0	60173
25	M	25	12	91104
35	M	35	7	92506
25	M	25	4	14607
25	M	25	5	97213
25	F	25	0	60657
25	M	25	4	14607
25	M	25	14	46268
25	M	25	7	55441
50	F	50	16	07462
35	M	35	7	07043
25	F	25	0	94104
25	F	25	4	02138
25	M	25	1	14608
1	M	1	10	54220
18	M	18	4	01095
45	F	45	1	27615
18	F	18	0	64030
1	F	1	10	01915
45	F	45	14	22206
45	F	45	14	75006
50	M	50	6	01545
25	F	25	17	97330
25	M	25	20	60622
56	F	56	13	02838
18	M	18	4	32606
1	M	1	10	55305
25	M	25	16	30269
25	F	25	2	10019
35	M	35	4	58369
25	M	25	6	94404
35	M	35	7	78705
35	M	35	12	10025
25	F	25	14	46220
35	M	35	7	40601
18	M	18	4	15217
45	M	45	1	97405
35	M	35	1	42718
35	M	35	7	20191
25	F	25	2	68502
18	M	18	0	37211
25	M	25	12	87571
25	F	25	0	94110
25	M	25	7	90210
56	M	56	20	91030
25	M	25	0	60611
25	M	25	17	60611
25	F	25	4	91740
25	M	25	20	91740
25	F	25	7	55122
25	F	25	14	55418
18	M	18	4	12604
25	M	25	2	90210
18	F	18	4	63146
18	M	18	2	63138
25	M	25	16	55426
18	M	18	4	55410
45	M	45	16	97068
25	M	25	8	85203
56	M	56	13	94114
45	M	45	2	94102
18	F	18	4	60613
45	M	45	1	44406
25	M	25	0	97401
25	M	25	12	95030
25	M	25	2	60626
35	M	35	7	55124
1	F	1	0	27245
25	M	25	12	19067
35	M	35	17	55126
25	M	25	2	43202
25	M	25	20	94111
25	M	25	17	00693
1	F	1	10	02332
56	F	56	6	45504
35	F	35	9	55410
18	F	18	4	95602
25	F	25	17	92121
25	M	25	5	85281
56	M	56	7	27410
25	M	25	0	02478
56	F	56	1	60605
50	M	50	0	62025-8000
25	M	25	1	10463
56	M	56	0	55406
25	F	25	0	94107
25	M	25	12	22903
18	M	18	4	55104
25	F	25	0	02138
18	M	18	17	98122
18	M	18	17	94941
18	F	18	5	43201
25	M	25	4	02457
35	M	35	17	97330
25	M	25	20	94122
25	M	25	7	02150
50	F	50	7	86001
25	M	25	2	55408
25	M	25	7	55408
25	F	25	4	91740
25	F	25	5	91773
25	F	25	0	19143
35	M	35	14	06880
18	M	18	4	30332
25	F	25	7	02332
56	F	56	13	46140
25	M	25	14	75093
56	M	56	7	75041
35	F	35	3	02725-1010
25	M	25	17	27609
18	M	18	17	60193
50	F	50	3	95032
25	F	25	3	85018
35	F	35	7	22039
25	F	25	9	60201
50	F	50	1	98177
25	F	25	17	80003
25	F	25	3	97330
25	M	25	6	53705
18	M	18	5	55414
50	F	50	2	97424
18	M	18	5	55344
45	F	45	1	85259
35	F	35	5	55306
25	M	25	6	77030
45	F	45	3	78759
56	M	56	0	78232
45	M	45	0	78703
18	F	18	20	60123
35	M	35	7	10625
18	M	18	16	27705
18	M	18	12	43650
50	F	50	16	92026
35	M	35	13	63130
56	M	56	13	30673
25	F	25	3	55408
18	M	18	12	90250
18	M	18	12	90045
18	M	18	4	55344
25	F	25	17	20120
25	M	25	15	02139
25	M	25	12	98074
25	M	25	11	55408
25	M	25	4	10549
18	M	18	12	55112
35	M	35	7	38018
25	M	25	0	02131
25	M	25	17	94538
18	F	18	3	10017
35	M	35	18	10463
25	M	25	7	84095
18	M	18	4	01125
25	M	25	14	10009
18	M	18	4	07461
35	M	35	1	55430
25	F	25	3	94117
25	M	25	12	85226
25	M	25	14	60045
25	F	25	1	45056
18	F	18	4	10580
45	M	45	7	01905
1	M	1	0	78130
25	M	25	7	10016
50	M	50	1	98112
35	M	35	7	10471
18	M	18	0	60618
50	M	50	1	13224
25	M	25	6	89118
18	M	18	0	60451
56	M	56	17	71301
25	M	25	1	12553
18	F	18	4	30010
18	F	18	1	20003
25	F	25	0	30102
1	M	1	10	59801
25	M	25	0	30068
50	F	50	7	12866
35	F	35	0	49504
35	F	35	17	30096
25	M	25	20	11230-1710
45	M	45	1	60091
45	F	45	2	21212
1	F	1	19	14850
25	M	25	12	97330
35	M	35	1	59801
1	M	1	10	07652
25	F	25	7	03862
25	F	25	5	01801
18	M	18	17	19030
25	F	25	0	53589
18	F	18	12	05055
1	F	1	19	14850
35	M	35	17	22030
50	M	50	7	94114
50	F	50	5	60714
35	F	35	2	80012
18	M	18	4	53211
25	M	25	14	95821
35	M	35	19	11201
25	F	25	6	28412
25	F	25	1	02460
45	F	45	1	26505
56	M	56	1	19026
56	M	56	13	01742
35	F	35	17	45014
25	F	25	7	60618
45	M	45	18	02557
18	M	18	4	90024
25	M	25	11	55426
25	M	25	14	60048
56	M	56	13	19119
45	F	45	2	37923
50	M	50	7	95762
25	M	25	7	63110
25	M	25	12	01915
18	F	18	4	55449
25	M	25	0	43223
50	F	50	1	65203
45	M	45	2	60626
45	M	45	19	60626
18	M	18	12	01702
18	M	18	12	02143
25	F	25	1	98115
35	M	35	6	10011
18	M	18	4	30305
35	M	35	7	10001
18	F	18	17	55449
35	M	35	1	32312
18	M	18	12	55405
18	F	18	2	98102
1	F	1	10	99016
18	M	18	4	02143
50	M	50	0	94025
25	M	25	17	89103
35	M	35	0	53202
35	M	35	7	77079
25	F	25	0	10019
25	M	25	12	98033
35	M	35	0	63366
25	M	25	12	94618
35	M	35	12	20171
56	M	56	7	20003-2712
18	M	18	7	10016
35	M	35	1	27909
25	M	25	1	20120-6354
25	M	25	12	20009
25	M	25	4	94110
35	F	35	0	20037
35	M	35	1	55343
35	M	35	7	02766
35	M	35	1	50014
25	F	25	14	07030
45	M	45	12	55449
18	M	18	7	10014
25	F	25	6	15202
45	M	45	17	21742
25	M	25	4	08544
25	M	25	0	17821
25	M	25	17	95136
25	M	25	15	91125
18	M	18	7	94104
45	M	45	17	80907
18	M	18	7	10016
18	M	18	4	55104
35	M	35	12	96797
35	F	35	17	94306
18	F	18	4	95076
25	M	25	7	90069
25	M	25	4	60201
50	F	50	1	62901
25	F	25	19	60201
35	F	35	20	14850
25	M	25	2	33334
25	M	25	2	66044
25	F	25	9	55409
45	M	45	7	85287-2702
25	F	25	4	02141
18	F	18	14	60610
45	M	45	7	44325
25	M	25	20	94519
25	M	25	0	11215
18	M	18	4	191004
45	M	45	1	92407
25	F	25	17	01701
35	M	35	1	91768
1	F	1	10	76501
18	M	18	4	16101
50	F	50	16	98257
56	M	56	0	80210
50	M	50	17	78666
35	M	35	15	33167
45	M	45	1	18901
25	F	25	6	02118
25	M	25	14	02460
35	M	35	0	60187
1	F	1	10	26505
1	F	1	10	55311
35	F	35	2	27514
25	M	25	1	70803
50	M	50	1	45840
18	M	18	6	05273
18	F	18	4	63141
50	M	50	17	09056
25	M	25	17	27408
50	F	50	2	10025
45	M	45	16	30102
25	M	25	15	94538
25	M	25	16	67204
56	F	56	1	10543
45	M	45	12	55102
25	F	25	20	91403
35	M	35	1	19149
56	M	56	7	93924
45	M	45	7	11576
25	M	25	17	97401
25	M	25	15	08876
35	F	35	16	98072
18	M	18	14	26301
18	F	18	4	10025
18	F	18	4	02138
50	F	50	9	76034
35	M	35	15	48187
35	F	35	20	98103
50	M	50	7	23233
35	M	35	3	29425
25	M	25	1	92116
1	M	1	10	37830
45	M	45	6	92103
35	M	35	14	33701
1	M	1	10	02446
50	M	50	1	77706
35	F	35	17	98036
25	F	25	3	74075
35	F	35	1	54650
25	F	25	7	11753
45	M	45	20	02446
18	M	18	17	02114
35	M	35	7	20901
50	M	50	3	78704
18	M	18	4	49841
18	F	18	1	07666
25	M	25	1	07666
25	F	25	9	07307
25	F	25	4	63119
35	F	35	1	14619
25	M	25	0	20878
35	M	35	7	19808
25	M	25	4	55369
50	M	50	1	12970
18	F	18	1	02109
35	F	35	7	07039
45	M	45	7	01581
25	M	25	0	10016
45	M	45	1	50011
56	M	56	15	37830
50	F	50	0	10016
25	M	25	4	10016
35	M	35	20	94107
25	M	25	17	22041
25	F	25	20	60640
25	F	25	0	04101
45	F	45	12	94117
18	M	18	0	10009
25	M	25	1	53706
50	M	50	16	90210
45	F	45	0	55419
25	M	25	20	90027
35	M	35	12	22201
18	F	18	4	95008
18	M	18	4	27607
35	M	35	7	90020
45	F	45	0	12833-2000
35	M	35	1	98225
35	M	35	0	97212
50	M	50	7	02461
35	M	35	15	63117
18	F	18	2	95008
25	F	25	14	21046
18	M	18	4	11209
18	M	18	3	78722
50	F	50	1	30602
25	F	25	1	54880
35	F	35	7	04015
25	F	25	1	02148
35	F	35	0	98622
25	M	25	0	12833
35	M	35	7	07028
45	M	45	1	08840
25	M	25	14	48336
18	F	18	4	92612
18	F	18	4	22310
35	M	35	14	55330
25	M	25	7	02135
35	M	35	15	01775
25	M	25	11	84109
25	M	25	7	19380
25	M	25	1	01760
56	M	56	16	32043
25	M	25	0	07040
18	M	18	4	90024
25	M	25	14	02465
35	M	35	17	06854
35	M	35	12	01944
18	F	18	4	78628
50	M	50	1	98262
25	M	25	14	55406
35	F	35	9	06854
25	M	25	7	98102
1	M	1	10	11102
18	M	18	1	32601
18	F	18	4	62025
35	M	35	17	78765
25	F	25	17	48473
1	M	1	10	73013
35	F	35	1	84108
18	F	18	4	92833
25	M	25	2	87123
18	M	18	4	96744
18	M	18	1	62522
25	M	25	17	48473
18	F	18	4	90025
35	F	35	12	91104
25	F	25	6	74105
18	M	18	0	47901
50	M	50	1	74105
25	M	25	4	95616
25	F	25	6	77054
25	M	25	15	03755
50	M	50	14	92026
56	M	56	0	32043
25	M	25	0	20874
25	M	25	2	78722
25	F	25	15	03255
1	M	1	10	07960
35	F	35	20	75093
18	M	18	4	48363
18	M	18	4	10461-1301
18	M	18	16	11209
35	M	35	7	10009
25	F	25	3	41030
56	M	56	1	90024
18	M	18	4	48109
25	M	25	1	02146
25	F	25	4	43212
35	F	35	1	55417
35	M	35	7	94306
35	M	35	14	30030
25	M	25	20	78746
25	M	25	1	13210
35	M	35	17	98103
35	M	35	2	33020
50	M	50	20	94117
25	F	25	7	92122
18	M	18	0	23455-4959
18	F	18	9	94538
18	M	18	16	94110
25	M	25	17	94117
56	M	56	16	60610
1	F	1	0	55403
18	F	18	4	78666
25	M	25	0	84119
18	M	18	4	78666
35	M	35	14	66013
25	F	25	7	29615
25	F	25	4	90034
25	F	25	12	90640
35	F	35	3	21221
25	F	25	14	97367
25	M	25	0	95826
35	M	35	14	55418
35	M	35	15	94706
18	F	18	14	55426
25	M	25	7	55311
18	M	18	0	90034
56	M	56	1	14068
18	F	18	4	90024
18	F	18	4	90024
18	M	18	17	08550
25	M	25	12	01060
35	M	35	1	90034
18	M	18	4	90024
25	M	25	15	90034
25	M	25	7	47714
35	M	35	1	90024
50	F	50	7	91362
35	M	35	2	96753
18	M	18	4	90024
1	M	1	10	03756
25	M	25	0	03766
35	F	35	14	38018
56	M	56	7	21773
25	M	25	0	60610
45	M	45	11	90046
25	M	25	20	48103
18	M	18	12	55057
25	M	25	15	94102
18	M	18	2	10018
25	M	25	1	77845
25	M	25	4	92843
35	F	35	20	09824
18	M	18	10	99016
18	M	18	0	94111
25	F	25	11	10022
25	F	25	11	02111
25	M	25	4	48109
25	F	25	14	10022
25	M	25	6	19342
25	M	25	1	08904
45	M	45	15	93555
25	M	25	12	55406
25	M	25	7	90212
25	M	25	1	60613
50	M	50	13	60622
25	F	25	12	20850
35	F	35	0	55442
25	F	25	4	66044
18	F	18	4	90024
18	M	18	15	94061
25	M	25	0	03755
25	M	25	0	92155
25	M	25	2	94117
18	M	18	1	04101
1	F	1	0	14167
56	F	56	0	14850
18	M	18	17	78758
18	F	18	1	60640
35	F	35	2	78744
1	F	1	10	98110
1	M	1	10	05667
50	F	50	1	29642
25	F	25	1	08904
18	M	18	12	10549
25	M	25	20	90048
35	F	35	6	55125
25	F	25	1	08904
50	F	50	12	77098
25	M	25	11	44515
56	M	56	14	96744
25	M	25	2	75287
1	F	1	7	20852
45	M	45	14	05602
25	M	25	0	80231
25	M	25	7	95616
35	M	35	7	16365
25	M	25	6	89123
18	M	18	4	94118
25	M	25	11	10024
18	M	18	12	97205
1	M	1	0	05667
35	M	35	12	85257
25	M	25	5	10011
18	M	18	17	92886
25	M	25	2	11106
35	F	35	0	55459
45	F	45	1	92106
18	M	18	10	56137
25	F	25	7	60607
25	M	25	6	53211
25	M	25	20	90802
25	M	25	0	92646
25	M	25	17	91107
35	F	35	0	55303
18	M	18	4	44074
25	M	25	17	43201
25	M	25	2	91602
35	M	35	17	53703
25	M	25	1	92688
25	F	25	7	10003
25	M	25	7	78757
35	M	35	0	80027
25	M	25	5	80916
35	M	35	18	90804
25	M	25	16	04103
25	F	25	0	98105
1	M	1	10	01597
35	F	35	7	94306
25	F	25	0	90802
50	F	50	1	08826
35	M	35	7	01940
25	F	25	7	37206
25	M	25	7	37206
50	M	50	16	95070
18	M	18	4	60202
25	F	25	7	92120
25	M	25	7	94117
25	M	25	0	91403
25	M	25	20	90048
25	M	25	0	70119
25	M	25	17	33028
25	M	25	4	92821
50	M	50	6	70808
45	M	45	0	43615
25	M	25	15	02139
35	F	35	4	78212
25	M	25	12	02144
18	M	18	12	18052
25	F	25	4	43201
18	M	18	4	60201
25	M	25	2	55118
25	M	25	17	90048
25	F	25	4	78223
18	F	18	4	78209
25	M	25	1	92120
25	F	25	0	78240
35	F	35	0	78253
56	M	56	16	92106
35	F	35	0	55406
25	M	25	0	91604
25	M	25	7	60607
45	F	45	7	02038
25	M	25	1	27106
1	F	1	0	44260
35	F	35	7	10024
25	M	25	4	43201
35	M	35	1	83301
1	F	1	10	02131
25	F	25	3	79411
45	M	45	16	78204
18	F	18	4	02464
50	M	50	20	20009
35	M	35	17	97124
25	F	25	7	78230
18	F	18	20	55410
25	F	25	1	94044
50	M	50	19	13903
45	M	45	7	33135
50	M	50	7	19462
25	F	25	7	78232
45	F	45	2	43229
25	M	25	4	01002
25	M	25	7	89117
25	F	25	4	91428
50	F	50	1	98499
25	F	25	9	76120
25	F	25	14	89511
50	F	50	1	28043
25	M	25	17	95926
25	F	25	6	06114
45	F	45	3	91306
35	M	35	14	85331
25	F	25	7	19103
25	M	25	14	98109
25	F	25	4	01002
25	M	25	17	61265
18	M	18	12	10021
25	M	25	4	01002
25	M	25	4	19103
50	M	50	7	30066
18	M	18	12	02138
25	F	25	0	60640
35	M	35	7	02135
25	M	25	1	08904
35	M	35	17	30303
35	M	35	7	60510
18	F	18	0	02138
18	M	18	4	20057
25	M	25	1	96930
25	M	25	20	02139
35	F	35	20	61821
25	M	25	20	64114
50	M	50	20	06033
35	M	35	20	77008
18	M	18	4	55404
45	M	45	2	10920
25	M	25	7	02139
35	M	35	0	70748
25	M	25	1	43026
25	M	25	0	60657
25	M	25	20	02152
18	F	18	0	02143
35	M	35	17	30024
25	M	25	7	60628
35	F	35	7	92075
50	M	50	16	77079
25	M	25	11	06851
45	F	45	12	954025
35	F	35	20	78006
18	F	18	4	19803
25	M	25	2	11217
25	M	25	4	19711
18	M	18	20	91330
45	F	45	20	10033
25	F	25	17	80301
25	M	25	1	77064
18	F	18	0	47901
35	M	35	2	91344
18	M	18	4	58102
50	M	50	20	48230
50	F	50	1	94550
25	M	25	12	55105
18	M	18	0	47933
25	F	25	1	05401
25	M	25	6	15146
56	M	56	3	94561
25	M	25	7	05401
35	M	35	0	55417
25	F	25	0	90035-4444
50	F	50	7	65712
35	M	35	14	10003
45	M	45	1	14760
35	F	35	0	33607
35	F	35	17	78681
18	F	18	7	94111
18	M	18	14	90038
25	M	25	2	98227
25	M	25	14	77075
18	M	18	0	35115
18	M	18	4	37130
25	M	25	12	60622
25	M	25	1	35401
45	F	45	15	77040
50	M	50	12	03062
25	F	25	0	60640
45	M	45	1	01867
45	F	45	1	19806
18	F	18	10	27606
35	F	35	2	35229
56	F	56	1	55406
45	F	45	16	97215
56	M	56	13	12124
18	M	18	17	47901
25	M	25	4	19713
18	M	18	4	77005
45	F	45	1	78231
1	M	1	10	21030
45	M	45	11	70802
25	F	25	7	34952
18	F	18	4	02142
18	M	18	20	02038
45	M	45	14	94301
18	F	18	4	14850
45	F	45	0	70460
45	F	45	0	78757
35	M	35	7	80221
25	M	25	15	02140
18	M	18	5	97202
25	M	25	17	77449
35	F	35	9	10021
50	M	50	16	73069-5429
56	M	56	7	98103
45	M	45	13	77706
35	M	35	11	55438
35	M	35	7	49504
25	F	25	20	55428
1	M	1	10	54701
25	F	25	1	32303
25	M	25	14	55104
25	F	25	1	26542
35	M	35	1	90012
35	M	35	1	49307
25	M	25	1	43214
56	M	56	1	42503
35	M	35	7	01776
35	M	35	1	56082
25	M	25	3	29208
25	M	25	1	60657
18	F	18	4	78705-5221
56	F	56	1	01060
25	M	25	16	10003
25	M	25	15	94022
1	F	1	10	74114
25	F	25	20	90046
35	F	35	20	94025
18	F	18	4	21046
50	F	50	20	50010
35	M	35	1	32501
35	F	35	1	14618
25	F	25	0	87114
25	F	25	7	10016
18	M	18	4	61820
25	F	25	1	55455
45	M	45	17	30075
25	F	25	7	94117
50	M	50	0	43231
45	F	45	17	78722
25	F	25	15	28401
25	F	25	5	28401
1	F	1	0	01036
35	M	35	17	80537
18	M	18	4	78705
25	F	25	12	60540
35	M	35	0	79606
35	M	35	15	80538
35	M	35	15	02871
25	F	25	20	32301
45	M	45	1	80634
25	F	25	9	80013
45	M	45	1	37209
35	F	35	7	21117
35	M	35	1	48906
25	M	25	0	10024
50	M	50	16	10023
25	M	25	12	08876
25	M	25	17	57006
25	M	25	0	43213
25	M	25	12	53705
25	F	25	1	32607
35	M	35	6	11210
18	M	18	4	20742
18	M	18	4	94133
25	F	25	1	23185
25	M	25	17	32618
18	F	18	0	45123
45	M	45	7	55108
50	M	50	13	78232
25	M	25	14	94117
25	F	25	1	78734
25	F	25	15	32603
45	F	45	1	76006
56	F	56	1	14706
45	F	45	0	01060
25	M	25	6	11106
